ID	Gen.	PK	N	H	A	BPM	Genre	Title	Artist	N	H	A	Time
01-001	01st		2	2	-	102	BIG BEAT	GAMBOL	SLAKE	137	137	-	1:21
01-002	01st		5	6	7	※	DIGI-ROCK	GRADIUSIC CYBER	TAKA	442	508	609	1:40
01-003	01st		4	5	6	157	RAVE	R3	tiger YAMATO	330	368	454	1:22
01-004	01st		3	4	5	135	TECHNO	22DUNK	SLAKE	265	323	329	1:17
01-005	01st		2	6	10	101	PIANO AMBIENT	5.1.1.	dj nagureo	99	511	786	※
01s-001	01sub		3	4	4	150	EURO GROOVE	BRILLIANT 2U	NAOKI	270	330	362	1:24
01s-002	01sub		4	4	5	126	DANCE POP	deep in you	dj nagureo	250	255	333	1:16
01s-003	01sub		3	6	9	150	TRANCE	GENOM SCREAMS	L.E.D.LIGHT	211	417	536	1:19
01s-004	01sub		2	3	-	132	DANCE POP	KEEP ON MOVIN'	N.M.R.	98	122	-	1:09
01s-005	01sub		5	6	8	190	JUNGLE	PARANOIA MAX～DIRTY MIX～	190	280	376	562	1:36
01s-006	01sub		4	7	8	145	TRANCE	THE EARTH LIGHT	L.E.D.LIGHT	398	530	581	1:32
02-001	02nd		2	3	-	140	DISCO	Dancin' Into The Night	good-cool	216	235	-	1:29
02-002	02nd		3	3	4	125	ITALO HOUSE	I Was The One	good-cool	272	326	348	1:38
02-003	02nd		3	6	-	127	JAZZ FUNK	PUT YOUR FAITH IN ME(for beatmania II)	dj TAKA feat. UZI-LAY	291	434	-	1:56
02-004	02nd		3	4	4	168	JUNGLE	SP-TRIP MACHINE(for beatmania II)	dj TAKA feat. DE-SIRE	254	313	324	1:31
02-005	02nd		4	6	7	123-135	CHILL OUT	.59	dj TAKA	360	514	584	1:46
03-001	02nd		4	4	4	130	HAPPY HANDBAG	Don't Stop!	dj TAKA feat. JP Miles	389	428	453	1:51
03-002	02nd		5	8	9	90-180	DRUM'N'BASS	era (nostalmix)	TaQ	437	555	786	※
03-003	03rd		4	6	7	150	DIGI-ROCK	LEADING CYBER	dj TAKA	434	611	645	1:42
03-004	03rd		5	8	11	180	RAVE	R5	tigerYAMATO with ultrabeatbox	387	588	889	※
03-005	03rd		4	5	7	145	TRANCE	REINCARNATION	dj TAKA	424	525	643	1:56
03-006	03rd		4	6	7	135	EPIC HOUSE	Skyscraper	good-cool	372	610	629	1:37
03-007	03rd		2	3	-	84	AMBIENT	Tangerine Stream	dj TAKA	141	198	-	1:35
03-008	03rd		7	10	-	150	WORLD HOUSE	THE SAFARI	Lion Musashi	618	900	-	1:40
03-009	03rd		4	8	-	155	HYPER EUROBEAT	CAN'T STOP FALLIN'IN LOVE	NAOKI	310	632	-	1:37
04-001	04th		6	8	10	60-144	EPIC TRANCE	ABSOLUTE	dj TAKA	682	935	1218	2:09
04-002	04th		7	9	11	108-216	HIP HOP	CHECKING YOU OUT	good-cool feat. JP Miles	339	481	700	1:42
04-003	04th		4	5	9	148	DUTCH TRANCE	Clione	kors k	264	479	811	2:01
04-004	04th	PK05	6	9	10	148	TECHNO	DXY!	TaQ	651	968	1158	1:45
04-005	04th		2	5	-	70-93	AMBIENT	FLOWERS for ALBION	dj TAKA	122	222	-	1:38
04-006	04th		3	4	6	132	DANCE POP	HIGHER	NM feat. Sunny	270	468	641	1:42
04-007	04th		4	6	7	137	WARP HOUSE	Hitch Hiker2	good-cool	420	609	665	1:45
04-008	04th		6	7	8	145	WARP HOUSE	Jam&Marmalade	FinalOffset	388	456	512	1:14
04-009	04th		5	6	10	130	TECHNO	KAMIKAZE	dj nagureo	515	745	1157	1:45
04-010	04th		4	4	7	144	TRANCE	LOVE WILL・・・	riewo	279	379	732	1:31
04-011	04th		3	8	9	141	MINIMAL	minimalian	DETROIAN	271	555	706	1:29
04-012	04th		5	8	9	182	HAPPY HARDCORE	starmine	Ryu☆	456	719	800	1:48
04-013	04th		3	6	10	120	LOUNGE HOUSE	SWEET LAB	DJ SIMON	280	496	692	1:35
04-014	04th		5	7	8	125	BIGBEAT	Under Construction	good-cool	417	507	582	1:36
04-015	04th		5	8	10	250	GABBA	250bpm	AKIRA YAMAOKA	353	528	726	1:24
05-001	05th		5	7	8	142	INTELLIGENCE	Abyss	dj TAKA	639	817	945	1:58
05-002	05th		5	6	7	142	TRANCE	in my eyes	ric	484	739	798	1:52
05-003	05th		5	7	8	110-255	EURO TRANCE	INSERTiON	NAOKI underground	452	664	835	1:46
05-004	05th		4	5	6	150	HYPER EUROBEAT	LOVE AGAIN TONIGHT～for Mellisa mix～	NAOKI feat.PAULA TERRY	385	501	561	1:37
05-005	05th		5	6	8	149	TECHNO	outer wall	sampling masters MEGA	474	687	892	2:02
05-006	05th		5	8	9	200	DRUM'N'BASS	Real	Aya	580	866	920	2:01
05-007	05th		6	9	10	120-128	INSTRUMENTAL	Regulus	DJ.W	551	788	881	1:54
05-008	05th		4	5	8	180	POWER FUSION	RIDE ON THE LIGHT (HI GREAT MIX)	Mr.T	452	548	862	1:48
05-009	05th		4	7	-	130	NEW ROMANTIC	RISLIM	ric	463	625	-	1:53
05-010	05th		5	7	8	130	HOUSE	Spin the disc	good-cool	409	659	674	1:33
05-011	05th		5	7	9	150	HYPER EUROBEAT	STILL IN MY HEART	NAOKI	517	705	971	1:39
05-012	05th		5	7	8	147	EPIC TRANCE	THE SHINING POLARIS	L.E.D. feat. Sana	485	667	799	1:55
05-013	05th		5	10	12	150	PROGRESSIVE	V	TAKA	646	1272	1519	2:08
06-001	06th		4	5	7	65	BALLAD	BALLAD FOR YOU～想いの雨～	NM feat.Thomas Howard	297	387	537	1:45
06-002	06th		5	7	8	138	HOUSE	Blueberry Stream	dj TAKA	429	770	846	1:41
06-003	06th		5	7	10	108	ROCK	Buffalo	good-cool feat. Hideo Suwa	511	744	932	1:47
06-004	06th		6	9	12	150	TRANCE	Colors (radio edit)	dj TAKA	751	1011	1258	2:00
06-005	06th		4	7	8	140	TRANCE	fly through the night	Mr.T	452	688	863	1:58
06-006	06th		5	6	7	132	DANCE POP	Free Style	Shapes	473	571	664	1:40
06-007	06th		6	9	9	156	TRANCE	Frozen Ray (original mix)	dj TAKA	669	897	909	1:53
06-008	06th		8	9	11	170	DRUM'N'BASS	G2	Aya	752	942	1188	2:03
06-009	06th		5	9	11	160-176	LOUNGE POP	Linus	LEGO STUDIO	489	789	1105	1:48
06-010	06th		5	9	11	164	TECHNO	NEMESIS	D.J.SETUP	524	839	973	2:03
06-011	06th		5	8	10	200	ROTTERDAM TECHNO	rottel-da-sun	sampling masters MEGA	417	692	936	1:31
06-012	06th		6	8	9	122	NOISY	route 80s	sampling masters MEGA	457	614	766	1:32
06-013	06th		6	8	10	150	EPIC TRANCE	SOMETHING WONDERFUL	L.E.D.	471	688	1003	2:02
06-014	06th		7	10	11	205	INSTRUMENTAL	Take It Easy	Aya	760	1229	1282	2:06
06-015	06th		6	9	10	135-160	ALL MIX	VJ ARMY	good-cool	663	893	972	1:54
06-016	06th		5	6	7	128	SOUL	こっちを向いてよ	vivi	438	667	703	1:51
06-017	06th		5	7	-	155	NU-NRG	電人イェーガーのテーマ(Theme of DENJIN J)	L.E.D.	563	796	-	1:54
06-018	06th		8	9	11	170	DRUM'N'BASS	G2	Aya	752	942	1188	2:03
07-001	07th		6	10	12	93-191	RENAISSANCE	A	D.J.Amuro	666	1111	1260	2:09
07-002	07th		6	8	9	125	ALTERNATIVE HOUSE	AVE DE RAPINA	Shawn The Horny Master	713	882	934	1:59
07-003	07th		5	7	9	130	FILTER HOUSE	Bad Routine	D.J. Spugna	522	716	964	1:57
07-004	07th		5	7	9	132	TRIBAL BASS	BRING HER DOWN	AKIRA YAMAOKA	533	745	900	1:54
07-005	07th		4	5	7	166	12 BEAT	Burning Heat! (Full Option Mix)	Mr.T with Motoaki.F	361	494	755	1:55
07-006	07th		5	7	-	190	DRUM'N'BASS	CLOUDY MUSIC	SLAKE	422	620	-	1:46
07-007	07th		5	6	8	160	HYPER ROCK BEAT	D2R	NAOKI	494	671	823	1:36
07-008	07th		5	6	8	155	HYPER EUROBEAT	DESTINY	NAOKI feat.Paula Terry	546	700	925	1:42
07-009	07th		5	8	9	180	TECHNO	entrance	Kobo project with Masa	480	740	845	1:36
07-010	07th		3	5	6	40-83	HIP HOP&SOUL	Glorious Days	Noria	262	411	463	2:02
07-011	07th		6	7	8	126	HOUSE	Happy Wedding	ASKA	620	872	940	2:08
07-012	07th		4	5	7	141	TRANCE	i feel ...	AKIRA YAMAOKA	454	556	626	1:47
07-013	07th		4	6	7	130	AMBIENT POP	Let the Snow Paint Me	Sana	431	537	624	2:06
07-014	07th		5	7	9	167	NEW WAVE	Love Me Do	AKIRA YAMAOKA	571	857	1058	1:55
07-015	07th		8	10	-	12-300	HARDCORE TECHNO	MAX 300	Ω	571	982	-	1:32
07-016	07th		4	5	7	170	YEYE	Marmalade Reverie	Orange Lounge	436	504	638	1:47
07-017	07th		4	9	11	128	HOUSE	Spica	D.JW	328	772	1167	1:46
07-018	07th		6	9	9	144	TRANCE	Tomorrow Perfume	dj TAKA	685	1000	1085	2:07
07-019	07th		5	9	10	160	ELECTROSHOCK	ZERO-ONE	Mr.T	556	874	1132	1:36
07-020	07th		6	10	10	83-148	ORCHESTRAL	革命	dj TAKA with NAOKI	392	1004	1183	1:50
08-001	08th		3	5	7	40-148	INSTRUMENTAL	airflow	Mr.T	295	402	721	1:55
08-002	08th		4	8	9	180	DRUM'N'BASS	ALL RIGHT	RAM	446	658	815	2:01
08-003	08th		4	5	8	148	テクノ歌謡	bit mania	AKIRA YAMAOKA	458	643	934	1:50
08-004	08th		5	6	8	144	EURO GROOVE	CELEBRATE NITE	N.M.R	471	591	714	1:23
08-005	08th		5	9	10	155	EUROBEAT	Colors -Y&Co. Eurobeat Remix-	dj TAKA (remixed by 横田商会)	585	1029	1100	2:08
08-006	08th		5	7	8	140	TRANCE	dissolve	kobo	491	658	784	1:45
08-007	08th		5	7	9	131-140	GARAGE HOUSE	dual control	Mr.T	403	763	961	1:44
08-008	08th		4	7	8	130	DEEP HOUSE	FLUTE MAN	SPARKER	299	465	553	1:44
08-009	08th		4	9	11	155	PSYCHEDELIC TECHNO	Giudecca	D.J.SETUP	470	1016	1381	1:55
08-010	08th		5	7	8	130	ALTERNATIVE HOUSE	Hormiga obrera	Shawn The Horny Master	613	764	913	2:08
08-011	08th		6	8	9	152	GOA TRANCE	HYPER BOUNDARY GATE	L.E.D.LIGHT	646	976	1115	2:02
08-012	08th	PK05	5	9	10	180	RAVE	LAB	RAM	534	1029	1075	1:52
08-013	08th		4	6	8	180	HARD CHANSON	LOVE IS ORANGE	Orange Lounge	399	519	903	1:44
08-014	08th		4	6	9	134	2 STEP	Luv 2 Feel Your Body	Shoichiro Hirata	437	542	839	1:47
08-015	08th		5	9	9	188	BEAT ROCK	memories	TAKA	578	1056	1157	2:00
08-016	08th		5	9	11	174	CUDDLECORE	murmur twins	yu_tokiwa.djw	567	854	1207	2:03
08-017	08th		4	7	9	144	TECHNO	MUSIC TO YOUR HEAD	SLAKE	415	743	849	2:01
08-018	08th		5	7	12	135	DISCO	PLEASE DON'T GO	ASLETICS	505	715	1251	2:02
08-019	08th		5	7	9	148	TRANCE	STAR DREAM	PINK PONG	396	677	725	1:48
08-020	08th		5	9	11	148	TRANCE	rainbow flyer	dj TAKA	422	859	1081	2:04
08-021	08th		6	8	9	135	HOUSE	thunder	Lion MUSASHI	609	817	959	2:10
08-022	08th		4	8	10	93	HIP HOP	WAR GAME	ASLETICS	488	789	1077	2:04
08-023	08th		3	5	5	122	POPS	World Wide Love	MTO	353	526	559	1:53
08-024	08th		5	9	11	158	ELECTROSHOCK	xenon	Mr.T	570	867	1379	1:47
08-025	08th		5	7	8	145	J-TRANCE	蒼い衝動	NAOKI feat. YUKI	468	694	803	1:50
08-026	08th		7	10	12	13-320	SPIRITUAL	桜	Reven-G	541	819	1123	1:40
08-027	08th		6	7	-	155	NU-NRG	合体せよ！ストロングイェーガー！！	L.E.D.	811	879	-	2:01
09-001	09th		7	10	10	171	TRANCE CORE	Abyss -The Heavens Remix-	dj TAKA Remixed by Ryu☆	766	938	1188	1:42
09-002	09th		6	9	9	180	RAVE	ACT	RAM	532	864	935	2:00
09-003	09th		4	6	7	100	ELECTRONICA	ADVANCE	SLAKE	241	444	673	1:52
09-004	09th		5	6	10	130	SPIRITUAL	bag	Reven-G	468	621	963	1:34
09-005	09th		4	7	9	150	ULTRA ROCK BEAT	Be Rock U (1998 burst style)	NAOKI	442	691	936	1:53
09-006	09th		4	6	7	150	TECHNO	BREEDING	SLAKE	439	732	778	
09-007	09th		4	8	9	150	ROCOCO TEK	BRIGHTNESS DARKNESS	SPARKER	363	750	889	1:54
09-008	09th		5	8	10	160-188	HEALIN' HARDCORE	Cradle	positive MA feat.akino	466	751	803	1:51
09-009	09th		7	10	-	125	MIXTURE	Distress	dj TAKA Remixed by TaQ	691	937	-	2:02
09-010	09th		6	8	10	145	TRANCE	e-motion 2003 -romantic extra-	e.o.s. Remixed by dj TAKA	671	824	1001	2:14
09-011	09th		5	8	10	152	EUROBEAT	HYPER EUROBEAT (2DX style)	NAOKI feat.PAULA TERRY	557	843	990	1:58
09-012	09th		5	6	10	136	TRANCE	Let The Snow Paint Me -Y&Co. Remix-	Sana Remixed by Y&Co.	423	644	910	1:53
09-013	09th		3	6	8	142	SOUL	lights	flare	357	753	910	2:14
09-014	09th		6	9	10	155	TECHNO	lower world	D.J.SETUP	706	979	1144	2:23
09-015	09th		5	9	10	130	GOSPEL	Make A Difference	Lala Moore with CoCoRo*Co	445	846	1155	1:59
09-016	09th		5	10	12	130-160	POST ROCK	moon_child	少年ラジオ	533	1026	1300	2:08
09-017	09th		7	10	12	155	HARDCORE RAVE	one or eight	sampling masters AYA	695	985	1177	1:38
09-018	09th		5	9	10	150	PSYCHEDELIC	Quickening	dj TAKA	478	875	1062	1:45
09-019	09th		4	6	11	132	ELECTRO 2 STEP	RISLIM -Remix-	ric Remixed by Hisashi Nawata	405	508	959	1:47
09-020	09th		6	9	10	200	GABBA	rottel-the-Mercury	sampling masters MEGA	503	963	1137	1:51
09-021	09th		4	8	9	129	HAPPY HANDBAG	Silvia Drive	dj TAKA feat.Noria	429	790	1049	1:53
09-022	09th		5	7	10	180	DRUM'N'BASS	SNOW	RAM	534	704	1038	1:47
09-023	09th		5	8	10	180	HAPPY HARDCORE	Sweet Sweet♡Magic	jun	509	784	1032	1:32
09-024	09th		4	5	7	146	ボデー	ライオン好き	AKIRA YAMAOKA	329	600	755	1:58
09-025	09th		3	6	7	132	テクノチョップ	昭和企業戦士荒山課長	AKIRA YAMAOKA	399	752	818	2:04
10-001	10th		5	6	9	136	DREAM TECHNO	ASTRAL VOYAGE	EeL	510	727	971	2:08
10-002	10th		6	7	10	160	ITALO POP	BABY LOVE	Noria	598	865	1089	2:08
10-003	10th		6	7	10	144	2STEP POP TRANCE	Back Into The Light	Sota Fujimori	602	835	1086	2:19
10-004	10th		4	9	9	160	ROCOCO TEK	Boundary	SPARKER	440	930	1031	1:54
10-005	10th		5	9	11	155	ETHNO HARDCORE	Debtty Daddy	sampling masters AYA	533	1008	1371	2:15
10-006	10th		2	4	5	72	PIANO BALLADE	desolation	Mr.T	245	331	386	2:01
10-007	10th		5	6	7	170	HYPER J-POP FOUR	DoLL	TЁЯRA	478	626	810	1:57
10-008	10th		4	8	10	158	ELECTROSHOCK	EXE	Mr.T	448	829	1131	1:53
10-009	10th		5	9	10	180	DRUM'N'BASS	FEEL IT	RAM	474	888	1013	1:49
10-010	10th		5	9	10	148	GOA TRANCE	GHOST REVIVAL	L.E.D.	466	1049	1311	2:05
10-011	10th		4	8	10	160-220	GAME MUSIC	GRADIUS -FULL SPEED-	Mr.T	385	643	1074	1:58
10-012	10th		5	9	9	180	RAVE	HIGH	RAM	470	975	1088	1:51
10-013	10th		3	9	9	150	TECHNO	LIMITED	SLAKE	333	677	753	
10-014	10th		6	9	11	140	TRANCE	Love Is Eternity	kors k	622	1016	1215	2:11
10-015	10th		4	8	9	160	RAVE	LOW	RAM	346	767	881	1:52
10-016	10th		4	9	11	156	DANCE POP	Lucy	ELE BLOCK	485	903	1167	2:02
10-017	10th		4	10	10	170	ARTCORE	Narcissus At Oasis	Ryu☆	392	807	838	2:05
10-018	10th		8	10	11	172	PROGRESSIVE BAROQUE	No.13	TAKA respect for J.S.B.	855	1376	1607	2:01
10-019	10th		5	9	12	200	HAPPY	One More Lovely	Risk Junk	439	832	1452	1:55
10-020	10th		5	8	9	148	TRANCE	pandora	dj TAKA feat.Tomomi	455	852	931	2:09
10-021	10th		7	10	11	177	HAPPY HARDCORE	rainbow rainbow	Ryu☆	799	1156	1377	1:57
10-022	10th		3	6	9	150	NU JAZZ	Ready To Rockit Blues	SLAKE	298	533	719	1:51
10-023	10th		6	9	10	144	TRANCE	Rise'n Beauty	Sota feat. Cyborg Akemi	652	841	1094	2:05
10-024	10th		7	8	9	140	J-POP	SHOOTING STAR	小坂りゆ	651	855	1146	2:01
10-025	10th		3	8	11	139	戦艦テクノ	SPACE FIGHT	AKIRA YAMAOKA	328	768	1134	1:48
10-026	10th		5	10	11	175-200	お江戸テクノ	1st Samurai	sampling masters MEGA	546	1016	1383	1:55
10-027	10th		6	10	12	151	HARD HOUSE	雪月花	Ryu☆	636	979	1287	1:55
10-028	10th		4	7	8	148	ムートラ（ムードトランス）	システムロマンス	ヒロシ＆チー子	458	901	1023	2:12
11-001	11th RED		5	10	12	154	RENAISSANCE	AA	D.J.Amuro	642	1386	1834	1:58
11-002	11th RED		5	8	9	180	HAPPY HARDCORE	AGEHA	Ryu☆	537	888	948	2:00
11-003	11th RED		5	8	11	150	PSYCHEDELICGOA TRANCE	ANDROMEDA	Sota Fujimori	517	973	1446	2:14
11-004	11th RED		5	7	10	143	TRANCE	awakening	AKIRA YAMAOKA	553	750	866	2:01
11-005	11th RED		5	9	11	150	HARD DANCE	Be quiet	Ryu☆	559	894	1114	1:57
11-006	11th RED		5	7	11	141	TRANCE	BLOCKS	SPARKER	417	675	1000	1:39
11-007	11th RED		6	7	10	160	ROCOCO TEK	BREATH	SPARKER	469	663	875	1:46
11-008	11th RED		5	8	9	132-145	AMERICA	Close my Eyes for Me	D-crew feat.DENNIS GUNN (DJ Yoshitaka SCRATCHING)	529	755	948	2:01
11-009	11th RED		3	5	10	116	J-POP	D.A.N.C.E.!	DJ Yoshitaka feat.星野奏子	299	431	826	1:47
11-010	11th RED		5	9	10	165	J-POP	Don't be afraid myself	platoniX with ray.D	566	960	1155	2:03
11-011	11th RED		2	5	7	45-94	PIANO BALLAD	earth scape	dj TAKA	230	530	644	2:06
11-012	11th RED		6	10	11	175	DRUM'N'BASS	GENOCIDE	dj Killer	587	1103	1222	1:38
11-013	11th RED		9	12	12	173	NUSTYLE GABBA	gigadelic	teranoid feat.MC Natsack	771	1116	1301	2:08
11-014	11th RED		5	7	8	171	HAPPY HARDCORE	HORIZON	LIA	546	786	990	2:07
11-015	11th RED		4	6	9	160	ELECTRIC CABARET	INJECTION OF LOVE	新谷あきら	343	532	769	1:49
11-016	11th RED		6	8	11	212	BEAT ROCK	KEY	colors	573	950	1436	2:07
11-017	11th RED		6	9	10	152-153	PSYCHEDELIC TRANCE	NEBULA GRASPER	L.E.D.	691	1029	1241	2:02
11-018	11th RED		5	8	9	160	COLORFUL HARDCORE	Raspberry♡Heart(English version)	jun feat. PAULA TERRY	531	797	932	1:47
11-019	11th RED		5	9	11	165	SPEED RAVE	RED ZONE	Tatsh&NAOKI	567	975	1184	1:47
11-020	11th RED		5	10	11	160	HARD SONATA	RESONATE 1794	KOHTA	469	745	951	2:08
11-021	11th RED		5	9	10	160	MEDIEVAL CHOIR	Sphere	Tatsh feat. K.Nayuki	541	996	1111	1:52
11-022	11th RED		5	9	11	154	PSYCHEDELIC TECHNO	spiral galaxy	D.J.SETUP	545	1061	1310	2:11
11-023	11th RED		5	8	10	144	CYBORG TRANCE	The Hope of Tomorrow	Sota Fujimori	536	874	992	2:21
11-024	11th RED		5	7	9	180	HYPER J-POP FIVE	ULTiM∧TE	TЁЯRA	480	744	1006	2:00
11-025	11th RED		5	11	12	165-188	DIRGE	ピアノ協奏曲第1番"蠍火"	virkato	422	1111	1414	2:07
11-026	11th RED		4	8	9	155	CYBER J-EURO	太陽～T・A・I・Y・O～	NAOKI feat.星野奏子	419	725	880	1:51
11-027	11th RED		6	10	11	175	DRUM'N'BASS	GENOCIDE	dj Killer	587	1103	1222	1:38
12-001	12th HS		5	9	10	70-168	GOTHIC METAL	Agnus Dei	あさき	466	850	1051	1:52
12-002	12th HS		5	8	10	140	NATURAL SOUND	alla turca con passione	Twin AmadeuS	409	829	1103	2:00
12-003	12th HS		7	10	11	181	TRANCE CORE	Aurora	Ryu☆	714	1100	1280	1:57
12-004	12th HS		5	9	11	160	NOSTALISH REQUIEM	CaptivAte～浄化～	A/I	541	946	1243	2:13
12-005	12th HS		5	8	10	115	ACID JAZZ	Catch Me	DJ Yoshitaka feat. ERi	405	678	925	1:51
12-006	12th HS		6	10	10	166	BATTLE2005	double thrash	414	527	1066	1206	2:05
12-007	12th HS		6	9	10	200	HYPER J-POP SIX	EDEN	TЁЯRA	660	969	1363	2:07
12-008	12th HS		3	5	8	182	E-ROCK	EMPTY OF THE SKY	AKIRA YAMAOKA	334	526	843	2:05
12-009	12th HS		4	7	10	220	SWING WALTZ	garden	青野りえ	440	773	1100	2:26
12-010	12th HS		5	8	10	145	RAVE	Get'em up to R.A.V.E	Disconation	599	892	1158	2:27
12-011	12th HS		6	8	10	170	BROKEN TEK	GREEN EYES	SLAKE	507	827	1123	2:00
12-012	12th HS		5	7	10	180	HAPPY HARDCORE	HAPPY☆ANGEL	jun with TAHIRIH	555	782	1052	1:54
12-013	12th HS		5	8	10	190	CYBER J-ROCK	I am	有沢みはる from BeForU	555	883	1096	2:03
12-014	12th HS		5	6	7	138	CLICK HOUSE	in motion	Ryu☆	432	545	661	1:43
12-015	12th HS		5	9	11	148	TRANCE	INAZUMA	dj TAKA	561	930	1368	1:56
12-016	12th HS		5	8	9	152	HAPPY EXTREME	LESSON 5	Risk Junk feat.Erika Mochizuki	654	949	1261	2:04
12-017	12th HS		5	10	11	※	PUNK OPERA	Little Little Princess	SHRINE 418	558	1118	1420	※
12-018	12th HS		4	7	9	180	DRUM'N'BASS	PATRIOTISM	kobo	390	679	929	2:05
12-019	12th HS		4	8	9	148	SYNTHESIZED TECHNO	PLASMA	Sota Fujimori	479	848	1145	2:10
12-020	12th HS		7	10	12	152	DIGI-ROCK	rage against usual	dj TAKA feat.Gt.Shintaro	697	1060	1527	2:06
12-021	12th HS		7	10	12	220	BREAKCORE	SCREAM SQUAD	CALF	609	869	1073	1:49
12-022	12th HS		7	10	12	151	TECHNO	Scripted Connection⇒ A mix	DJ MURASAME	865	1155	1575	2:00
12-023	12th HS		7	10	11	151	TECHNO	Scripted Connection⇒ H mix	DJ MURASAME	875	1059	1275	1:49
12-024	12th HS		6	8	10	151	TECHNO	Scripted Connection⇒ N mix	DJ MURASAME	674	858	1073	1:48
12-025	12th HS		5	7	10	179	MAKINA	SigSig	kors k	548	864	1309	2:05
12-026	12th HS		5	9	10	265	MPB	Tizona d'El Cid	TOMOSUKE	495	1000	1178	2:06
12-027	12th HS		6	7	10	160	HAPPY EURO PARADISE	Twelfth Style	Tatsh&DAYBREAKERS NEXT	630	778	1033	2:07
12-028	12th HS		5	7	9	170	J-EUROTRANCE	Under the Sky	南さやか(BeForU) with platoniX	458	710	875	2:02
12-029	12th HS		4	9	10	136-147	ANTHEM TRANCE	Votum stellarum	iconoclasm	413	857	1017	1:59
12-030	12th HS		5	10	11	170	MEDIEVAL CHOIR	Xepher	Tatsh	571	1135	1520	2:03
12-031	12th HS		5	10	11	252	SYNTHETIC PROGRESSIVE ROCK	100% minimoo-G	Sota Fujimori	474	871	903	1:56
12-032	12th HS		5	8	10	155	J-EUROBEAT	月光	Tatsh feat. 星野奏子	455	900	1246	2:15
12-033	12th HS		5	10	12	66-200	HUMAN SEQUENCER	冥	Amuro vs Killer	555	1111	2000	1:57
12-034	12th HS		4	6	11	99-198	REGGAE	ラクエン	Chonan Chiharu	369	498	1034	2:30
12-035	12th HS		5	8	11	155	HARD DANCE	合体せよ！ストロングイェーガー！！ (Ryu☆ remix)	L.E.D. / Remixed by Ryu☆	564	807	972	1:58
12-036	12th HS		4	8	10	117-170	K-GROOVE	キャッシュレスは愛情消すティッシュ	GINGER	409	689	1079	1:52
13-001	13th DD		5	7	10	170	HYPER J-POP SEVEN	ALFARSHEAR 双神威に廻る夢	TЁЯRA	548	838	1049	1:51
13-002	13th DD		5	9	10	170	ORATORIO	Apocalypse ～dirge of swans～	Zektbach	510	921	1214	2:09
13-003	13th DD		6	9	10	180	NUSTYLE GABBA	ay carumba!!!!	teranoid&MC Natsack	520	805	975	
13-004	13th DD		4	6	8	132	CELTIC REEL	BALLAD THE FEATHERS	S.S.D.FANTASICA feat.Naomi Koizumi	367	554	764	1:41
13-005	13th DD		5	9	10	170	HARD RENAISSANCE	Bloody Tears(IIDX EDITION)	DJ YOSHITAKA	574	1012	1094	1:53
13-006	13th DD		4	7	10	140	LATIN HORNS GROOVE	bluemoon	小野秀幸	292	867	1174	2:04
13-007	13th DD		5	10	12	103-155	PROGRESSIVE	Concertino in Blue	佐々木博史	460	915	1311	1:39
13-008	13th DD	PK05	9	10	11	180	SUBLIME TECHNO	CONTRACT	朱雀	648	863	1056	1:47
13-009	13th DD		5	9	11	155	TECHNO	D.C.fish	DJ MURASAME	513	998	1178	2:00
13-010	13th DD		4	7	9	165	SUPER RAVE BEAT	DEEP ROAR	NAOKI&Tatsh	503	726	976	1:57
13-011	13th DD		3	6	9	138	J-POP	Double♡♡Loving Heart	Tatsh feat. Junko Hirata ＆ Sayaka Minami	292	671	909	2:08
13-012	13th DD		5	8	10	161	80's TECHNO	EURO-ROMANCE	K-MASERA	497	933	1056	2:08
13-013	13th DD		6	10	11	72-82	ESOTERIC SLOWCORE	Ganymede	玄武	571	884	1199	2:06
13-014	13th DD		4	8	11	135	PROGRESSIVE HOUSE	Harmony and Lovely	Ryu☆	457	902	1127	2:00
13-015	13th DD		4	7	10	130	TRANCE	Heavenly Sun (IIDX VERSION)	AKIRA YAMAOKA	421	806	1060	2:00
13-016	13th DD		5	7	9	135	BRAZILIAN HOUSE	INFERNO	Caldeira feat.星野奏子	601	828	1008	2:06
13-017	13th DD		4	8	10	145	SYMPHONIC EURO	Leaving...	SEIYA MURAI meets "eimy"	396	714	1116	1:45
13-018	13th DD		6	10	11	150	ELECTRONICA	MINT	SLAKE	524	917	1158	1:34
13-019	13th DD		4	6	9	172	NEW ACOUSTIC	Melody Life	Noria	397	673	933	2:02
13-020	13th DD		5	9	10	156	哀愁ユーロ	MOON	dj TAKA feat.Erika Mochizuki	436	1067	1118	1:59
13-021	13th DD		5	7	10	135	2 STEP	Power of Love	kors k feat.PSY	513	848	1077	2:04
13-022	13th DD		5	8	10	149	BUCHIAGE TRANCE	So Fabulous !!	HHH (Ryu☆ & Dai)	556	784	1191	2:01
13-023	13th DD		3	8	11	152	HAPPY POP	Sun Field	mh sequence	287	777	1234	1:56
13-024	13th DD		7	10	11	165	SADISTIC HARDCORE	The Dirty of Loudness	Tatsh Assault X	740	1154	1327	1:44
13-025	13th DD		4	8	10	175	CORE POP	This is Love	D-crew feat.MAKOTO	473	910	1249	1:58
13-026	13th DD		6	9	12	182	FREEFORM	tripping contact	kors k vs teranoid	686	989	1360	2:11
13-027	13th DD		6	10	11	187	GABBA	tripping contact(teranoid&MC Natsack Remix)	kors k vs teranoid	646	1020	1258	1:59
13-028	13th DD		5	9	11	159	PSYCHEDELIC TRANCE	TYPE MARS(G-Style Mix)	L.E.D.	571	974	1237	1:57
13-029	13th DD		4	7	8	172	ELECTRO LOUNGE	Ubiquitous Fantastic Ride	ELEKTEL	325	628	835	1:52
13-030	13th DD		7	10	11	191	DANCE SPEED	waxing and wanding	青龍	658	997	1457	2:05
13-031	13th DD		5	8	10	160	LOVERS EUROBEAT	Why did you go away	jun with TAHIRIH	559	904	1166	1:57
13-032	13th DD		4	7	9	140	NU BIGBEAT BREAKS	Winning Eleven9 Theme(IIDX EDITION)	Sota Fujimori	420	730	868	
13-033	13th DD		4	6	7	115	CUTE POP'S	wish	DJ Yoshitaka feat.杉村ことみ	401	600	758	1:54
13-034	13th DD		5	8	9	155	EUROBEAT	WISH(EUROBEAT MIX)	DJ YOSHITAKA feat.杉村ことみ	532	824	990	1:48
13-035	13th DD		4	6	9	135	FUNK'N JAZZ HOUSE	with you…	Sota Fujimori	398	580	891	1:56
13-036	13th DD		5	7	10	160	CYBER OPUS	Zenius -I- vanisher	Tatsh	493	790	1209	2:09
13-037	13th DD		6	10	11	199	ASIAN MIXTURE	華蝶風雪	白虎	638	1064	1500	2:00
13-038	13th DD		8	11	12	160	CONTEMPORARY	嘆きの樹	金獅子	902	1281	2000	2:06
13-039	13th DD		5	8	9	160	LOVELY TRANS POP	虹色	DJ YOSHITAKA feat. G.S.C license	488	792	934	1:48
13-040	13th DD		5	7	9	180	POPROCK	タシカナモノ	星野奏子 with the BAND	472	726	1026	2:04
14-001	14th GLD		5	6	8	171	FLOW POP	Air Bell	D-crew	499	687	868	1:53
14-002	14th GLD		5	9	10	152	PSYCHEDELIC SYNTH TRANCE	ANDROMEDA II	Sota Fujimori	501	982	1255	1:55
14-003	14th GLD	PK05	7	10	12	184	HAPPY	Candy Galy	Risk Junk-G	800	1308	1798	2:12
14-004	14th GLD		6	8	9	180	NOSTALISH REQUIEM	CaptivAte～裁き～	DJ YOSHITAKA feat.A/I	435	663	897	1:48
14-005	14th GLD		6	9	10	160	NOSTALISH REQUIEM	CaptivAte～誓い～	A/I	677	1017	1127	2:05
14-006	14th GLD		5	8	10	170	DRAMATIC EURO TRANCE	CROSSROAD ～Left Story～	jun with TAHIRIH	574	883	1097	1:51
14-007	14th GLD		5	9	10	146	CYBORG TRANCE	Cyber Force	Sota Fujimori feat.cyborg AKEMI	637	980	1200	2:02
14-008	14th GLD		6	8	10	140	SCOUSE HOUSE	Dreaming Sweetness	Auridy	611	805	1073	2:03
14-009	14th GLD		9	11	12	100-400	SuperNOVA BEAT	Fascination MAXX	100-200-400	508	876	1313	1:42
14-010	14th GLD		7	10	12	150	BUCHIAGE TRANCE	FIRE FIRE	StripE	616	927	1405	2:07
14-011	14th GLD		4	6	8	157	ROCK	four-leaf	Sis Bond Chit	386	642	867	1:46
14-012	14th GLD		7	9	11	162	RECKLESS RAVE	GOLD RUSH	DJ YOSHITAKA-G feat. Michael a la mode	608	764	1199	1:41
14-013	14th GLD		6	8	10	160	ELECTRONICA	GRID KNIGHT	SAW WAVE SQUAD	423	1012	1328	2:09
14-014	14th GLD		4	8	10	140	PROGRESSIVE	HALF MOON	Mutsuhiko Izumi	387	742	953	2:06
14-015	14th GLD		5	7	9	132	FILTER HOUSE	heaven above	kors k	418	711	928	2:06
14-016	14th GLD		4	6	9	180	HIGH SPEED LOVE SONG	High School Love	DJ YOSHITAKA feat.DWP	438	788	1106	1:56
14-017	14th GLD		6	10	11	146	MILLENNIUM TRANCE	INORI	dj TAKA feat.HAL	701	1330	1614	2:24
14-018	14th GLD		6	9	11	165	FREEFORM HARDCORE	KAMAITACHI	DJ TECHNORCH fw. GUHROOVY	647	1039	1368	1:57
14-019	14th GLD		7	11	12	152	NU-SKOOL BREAKS	LASER CRUSTER	L.E.D.	732	1250	1644	1:57
14-020	14th GLD		3	4	5	110	POPS	Love Again...	Tatsh feat. Junko Hirata	293	400	538	1:56
14-021	14th GLD		4	8	9	150	OLDSKOOL HARDCORE RAVE	METALLIC MIND	DJ TECHNORCH fw. GUHROOVY	451	735	832	1:48
14-022	14th GLD		5	7	9	155	HYPER EUROBEAT	My Only Shining Star	NAOKI feat. Becky Lucinda	590	716	957	1:38
14-023	14th GLD		4	7	8	130	DANCE POP	never…	Kanako Hoshino with dj TAKA	414	691	915	2:09
14-024	14th GLD		4	8	9	142	小倉テクノ	Play back hate you	AKIRA YAMAOKA	408	876	1115	
14-025	14th GLD		5	8	11	149	HANDZ UP	Second Heaven	Ryu☆	500	787	1069	2:00
14-026	14th GLD		7	9	11	189	ELE POP	smile	miru_maki.gjw	744	1107	1464	2:15
14-027	14th GLD		4	9	10	145	TRANCE	snow storm	dj TAKA	403	1173	1409	2:15
14-028	14th GLD		6	9	11	156	SCHRANZ	the shadow	kors k	618	1084	1480	2:12
14-029	14th GLD		4	7	8	136	POP	The Smile of You	猫叉Master feat.JESSY	472	658	815	2:17
14-030	14th GLD		5	10	11	130-190	PSG WORKS	TRANOID	T&S seq. factory	414	929	1141	2:12
14-031	14th GLD		8	11	12	185	DECEPTIVE GABBA	VANESSA	朱雀	591	938	1228	1:40
14-032	14th GLD		5	8	10	168	DIGITAL ROCK	Yabis Starlight	DAJI	476	727	1139	
14-033	14th GLD		5	8	10	185	FUTURE POP	クルクル☆ラブ～Opioid Peptide MIX～	イオンチャンネル	500	766	1144	2:04
14-034	14th GLD		7	10	12	165	NU-NRG	電人、暁に斃れる。	L.E.D.-G	785	1255	1725	2:07
14-035	14th GLD		4	6	8	150	JAPANESE ALTERATION	花吹雪 ～ IIDX LIMITED ～	S.S.D.FANTASICA feat.ユッコ	367	573	719	1:35
14-036	14th GLD		6	8	10	250	INDUSTRIAL REVIEW	鬼言集	あさき	599	792	1037	
14-037	14th GLD		7	9	10	165	J-POP	星をこの手に	DJ YOSHITAKA feat.星野奏子	614	933	1099	1:56
14-038	14th GLD		6	8	10	155	EURO TRANCE	リグレット	星野奏子	666	887	1223	2:12
14-039	14th GLD		5	7	9	150	TECHNO	ヨシダさん	AKIRA YAMAOKA	470	728	987	2:10
14-040	14th GLD		6	8	9	180	HYPER J-POP ZERO	零 - ZERO -	TЁЯRA	596	912	1162	2:02
15-001	15th DJT		6	10	11	185	HARD RENAISSANCE	Anisakis -somatic mutation type"Forza"-	朱雀	631	1089	1443	2:17
15-002	15th DJT		5	8	9	165	TECH-TRONIKA	beatonic nation	Sota Fujimori	640	955	1093	2:09
15-003	15th DJT		6	8	11	144	TRANCE	Blue Rain	dj TAKA VS Ryu☆	514	812	1149	1:52
15-004	15th DJT		4	6	8	100	J-R&B	Darling my LUV	DJ Yoshitaka feat.B-Agents	354	512	695	1:48
15-005	15th DJT		4	7	10	149	HANDZ UP	Dazzlin' Darlin	HHH	455	704	1115	1:59
15-006	15th DJT		6	9	11	128	TECH-BREAKBEATS	Digitank System	DJ Mass MAD Izm*	480	815	1096	2:03
15-007	15th DJT		8	10	11	300	N-BEATS	Do it!! Do it!!	Kraken	538	816	987	1:53
15-008	15th DJT		6	9	10	162	FRENZY HOUSE	end of world	猫叉Master+	523	924	1268	2:06
15-009	15th DJT		5	7	10	133	PROG	evergreen	kors k	507	720	997	2:10
15-010	15th DJT		5	10	11	125-195	JUNGLE	four pieces of heaven	Lion	481	988	1225	1:58
15-011	15th DJT		4	7	10	145	TRANCE	Freeway Shuffle	dj TAKA	411	650	949	1:43
15-012	15th DJT		7	10	12	126-251	NU-SKOOL BREAKBEATS HARDCORE	ICARUS	Eagle	694	1097	1301	2:01
15-013	15th DJT		7	9	11	180	HAPPY HARDCORE	in the Sky	Ryu☆	697	1079	1279	2:01
15-014	15th DJT		4	8	9	260	THE WORLD GROOVE	JOURNEY TO "FANTASICA" (IIDX LIMITED)	S.S.D.FANTASICA feat. EMI with ARATA	437	648	952	
15-015	15th DJT		6	9	10	178	HAPPY HARDCORE	LOVELY STORM	L.E.D.-G	679	1105	1429	2:05
15-016	15th DJT		4	7	9	125	PROGRESSIVE HOUSE	madrugada	PINK PONG	363	631	906	1:57
15-017	15th DJT		5	8	10	180	LOVELY BUCHIAGE POP	MAX LOVE	DJ YOSHITAKA feat.星野奏子	730	1100	1348	
15-018	15th DJT		6	11	12	168	IRREGULAR HI-BREAK	MENDES	Humanoid	573	1353	1831	1:59
15-019	15th DJT		6	10	11	145	HARD HOP	MENTAL MELTDOWN	GUHROOVY fw.TECHNORCH	609	1176	1443	1:58
15-020	15th DJT		5	9	10	165	ONLY ONE EURO BEAT	NEW GENERATION -もう、お前しか見えない-	SUPER STAR 満-MITSURU-	541	1011	1342	2:03
15-021	15th DJT		5	8	10	146	ENERGETIC TRANCE	Now and Forever	StripE vs MUNETICA feat.ARISA	480	861	1169	2:11
15-022	15th DJT		7	10	12	162	HYMNUS	oratio	蓑舞衆	747	1056	1493	2:06
15-023	15th DJT		7	11	12	75-300	SUPERNOVA2 BEAT #1	PARANOiA ～HADES～	αTYPE-300	558	954	1395	1:40
15-024	15th DJT		3	7	8	70	BALLAD	PROMISE FOR LIFE	TЁЯRA WORKS	305	753	875	2:09
15-025	15th DJT		6	9	10	171	TRI EURO FANTASIA	REMINISCENCE	jun with Alison	643	939	1183	2:05
15-026	15th DJT		6	9	12	160	OUVERTÜRE	Ristaccia	Zektbach	609	1032	1386	2:17
15-027	15th DJT		6	9	10	220	RAGGA ROCK	ROCK ME NOW	GUHROOVY fw. NO+CHIN	524	843	1266	
15-028	15th DJT		6	9	11	154	HARD HOUSE	satellite020712 from "CODED ARMS"	猫叉Master	680	983	1293	1:50
15-029	15th DJT		5	7	9	180	RAVE	satfinal	RAM	548	722	963	1:51
15-030	15th DJT		4	5	8	141	WORLD/ELECTRONICA	scar in the earth	猫叉Master	335	565	766	2:07
15-031	15th DJT		5	6	8	170	HARD TRANCE	Shades of Grey	Fracus	375	577	827	
15-032	15th DJT		5	8	10	130	TECHNO	SHIFT	AKIRA YAMAOKA	506	725	1000	1:55
15-033	15th DJT		5	9	10	186	WALTZ BEAT	soldier's waltz	DAJI	428	735	1200	2:00
15-034	15th DJT		6	10	11	184	FREEFORM HARDCORE	SOUND OF GIALLARHORN	L.E.D.-G	708	1405	1668	2:15
15-035	15th DJT		5	8	11	155	TECHNOTRONICA	State Of The Art	Sota Fujimori feat. cyborg AKEMI	552	790	1570	2:03
15-036	15th DJT	PK05	6	10	11	205	BREAK CORE	STEEL NEEDLE	Scorpion	560	1121	1269	2:00
15-037	15th DJT		6	10	11	173	NU STYLE GABBA	THE DEEP STRIKER	L.E.D.-G	556	1150	1528	2:00
15-038	15th DJT		5	7	9	150	ETHNOTRONICA	the trigger of innocence	Seiya Murai	451	592	924	2:00
15-039	15th DJT		6	10	11	191	DANCE SPEED	Time to Air	青龍	640	1064	1458	2:01
15-040	15th DJT		6	9	10	80-160	SUPERNOVA2 BEAT #2	TRIP MACHINE PhoeniX	DE-SIRE 改	353	842	935	1:33
15-041	15th DJT		6	10	12	177	ULTIMATE CORE	TROOPERS	Des-TRACT	625	1216	1496	2:02
15-042	15th DJT		6	10	11	174	PROGRESSIVE BAROQUE	Übertreffen	TAKA respect for J.S.B.	555	1019	1280	1:42
15-043	15th DJT		4	7	8	128	PIANO HOUSE	Wanna Party?	RAM	386	599	762	1:43
15-044	15th DJT		6	10	12	90-192	POST RENAISSANCE	少年A	Remixed by 少年ラジオ	642	1144	1449	2:19
15-045	15th DJT		5	8	9	150	SYMPHONIC TECHNO	高高度降下低高度開傘	Dr.Honda	466	777	1005	1:59
15-046	15th DJT		5	9	10	144	FUSION	ミラージュ・レジデンス	Jimmy Weckl	575	1097	1345	2:05
15-047	15th DJT		4	6	8	152	EDUCATION	マチ子の唄	AKIRA YAMAOKA	418	662	901	1:58
15-048	15th DJT		3	4	7	68-85	SOLDIER'S BALLAD	走馬灯 -The Last Song-	TAKA	258	464	673	2:09
16-001	16th EMP		5	7	9	145	HARD CORE	ALL I NEED YOUR LOVE	GUHROOVY fw. M-Project	559	873	1081	2:00
16-002	16th EMP		6	9	11	170	ONLY ONE EURO BEAT	ALL MY TURN -このターンに、オレの全てを賭ける-	SUPER STAR 満-MITSURU-	533	971	1314	2:01
16-003	16th EMP		6	10	11	180	ARABIC HARDCORE	Arabian Rave Night	dj MAX STEROID	655	1166	1504	2:02
16-004	16th EMP		4	9	10	155	HOUSE	Bahram Attack-猫叉Master Remix-	猫叉Master feat.JUNE	535	997	1314	2:14
16-005	16th EMP		5	10	12	165	JUMPSTYLE	BITTER CHOCOLATE STRIKER	L.E.D.-G	564	1142	1990	2:14
16-006	16th EMP		4	7	9	138	HAPPY ☆ JIG	BRIDAL FESTIVAL !!!	S.S.D. with ななっち	502	764	1077	2:01
16-007	16th EMP		6	9	11	175	NOSTALISH REQUIEM	CaptivAte2～覚醒～	e-lma	564	894	1221	1:52
16-008	16th EMP		5	10	12	180	HAPPY HARDCORE	Colorful Cookie	Lucky Vacuum	570	1143	1773	1:56
16-009	16th EMP		5	9	10	146	BUCHIAGE TRANCE	Cyber Force -DJ Yoshitaka Remix-	Remixed by DJ YOSHITAKA	553	944	1278	2:13
16-010	16th EMP		4	8	10	155	MEGA MIX	Flash Back 90's	kors k as disconation	467	964	1179	2:07
16-011	16th EMP		5	6	8	150	DREAM TRANCE	Fly Above	Sota Fujimori	482	815	1016	2:11
16-012	16th EMP		6	10	12	200	TRANCE CORE	Go Beyond!!	Ryu Vs. Sota	547	899	1166	1:58
16-013	16th EMP		6	9	11	150	MORNING FULL ON	HYPERION	L.E.D.	572	1072	1385	2:05
16-014	16th EMP		4	6	7	147	TECHNO POP	I'm Screaming LOVE	Creative Life	308	666	851	1:55
16-015	16th EMP		4	8	11	136	NU SKOOL BREAKS	Just a Little Smile	Sota Fujimori	415	683	1272	2:02
16-016	16th EMP		6	10	11	177	ASIAN JANGLE	Kung-fu Empire	飛燕流舞	760	1327	1657	2:12
16-017	16th EMP		6	9	11	205-248	宮廷円舞曲	Marie Antoinette	Marguerite du Pré	558	1018	1312	2:07
16-018	16th EMP		4	7	9	128	ELECTRO-TECH	Mind Mapping	Ryu☆	443	627	923	2:02
16-019	16th EMP		5	9	11	145	TECH-BREAKBEATS	naughty girl@Queen's Palace	DJ Mass MAD Izm*	433	869	1088	1:54
16-020	16th EMP		4	6	9	151	ENERGETIC TRANCE	neogenesis	DM Ashura	504	682	864	1:58
16-021	16th EMP		5	9	11	153	PSY TRANCE(FULL ON)	Programmed World	kors k as StripE	476	910	1161	2:08
16-022	16th EMP		6	9	10	152	PSYCHEDELIC TRANCE	PSYCHE PLANET-GT	Remixed by L.E.D.	725	1174	1360	
16-023	16th EMP		4	8	10	152	BIGBEAT	Queen's Tragedy	猫叉Master+	428	872	1135	2:07
16-024	16th EMP		4	8	10	177	CANDY RAVE	smooooch・∀・	kors k	418	830	1089	1:55
16-025	16th EMP		6	9	10	152	TECHNO	SOLITON BEAM	L.E.D.	741	1071	1187	2:08
16-026	16th EMP		5	9	10	45-170	ONLY ONE EPILOGUE	THANK YOU FOR PLAYING	SUPER STAR 満-MITSURU-	412	858	1090	1:45
16-027	16th EMP		5	8	9	172	UK HARD CORE	THE SHINING POLARIS(kors k mix)	Remixed by kors k	493	775	1061	2:09
16-028	16th EMP		4	9	10	148	ELEMENTAL CHANT	Turii ～Panta rhei～	Zektbach	449	1051	1347	2:09
16-029	16th EMP		6	10	11	150	PROGRESSIVE	V2	TAKA	751	1620	1810	2:13
16-030	16th EMP		6	10	11	155	ONLY ONE TECHNO	You'll say "Now!"	BLACK STAR 幸広-YUKIHIRO-	629	962	1276	2:07
16-031	16th EMP		7	10	12	191	DANCE SPEED	3y3s	青龍	772	1306	1871	2:07
16-032	16th EMP		4	7	10	148	ポップス	山岡晃の「クイズ！家事都合！」	AKIRA YAMAOKA feat.喜屋武ちあき	339	700	1035	1:44
16-033	16th EMP		5	7	9	170	DRAGON'BASS	アタック NO.3	IDEA NOTE	451	680	1075	
16-034	16th EMP		6	9	12	188	HARDCORE	不沈艦CANDY	Risk Junk	601	1014	1682	2:03
16-035	16th EMP		5	8	10	143	HOU-ROCK	ハリツヤランデヴー	Des-MASTERS	482	1078	1251	1:52
16-036	16th EMP		6	11	12	83-185	ESOTERIC SPEEDCORE	卑弥呼	朱雀 VS 玄武	643	1442	2119	2:12
16-037	16th EMP		5	7	9	149	J-DANCE POP	まほろば	HHH+H	398	737	1033	1:56
16-038	16th EMP		5	7	9	150	TRENDY TECHNO	ミッドナイト堕天使	Dr. Honda	500	827	1037	1:59
16-039	16th EMP		5	10	11	150	RAGE AGAINST EMPRESS	天空脳番長危機十六連打	D.J.SETUP	525	1115	1323	1:57
16-040	16th EMP		6	9	10	163	撫子ロック	凛として咲く花の如く	紅色リトマス	672	1087	1398	2:06
16-041	16th EMP		4	7	10	160	IRON CONCERTO	鉄甲乙女-under the steel-	Seiya Murai	474	826	1098	2:00
16-042	16th EMP		4	7	9	148	J-TRANCE	翼	小林ゆう	454	765	988	2:07
17-001	17th SR		7	9	11	180	SPEEDCORE	AIR RAID FROM THA UNDAGROUND	GUHROOVY	592	952	1189	2:04
17-002	17th SR		7	11	12	178	AKASHIC RECORDS	Almagest	Galdeira	519	1146	1629	1:41
17-003	17th SR		7	10	12	195	INDUSTRIAL	Bad Maniacs	kors k as teranoid	667	989	1656	1:57
17-004	17th SR		4	7	10	140	BUBBLEGUM DANCE	bass 2 bass	Ryu☆	366	638	970	1:39
17-005	17th SR		4	7	10	102	ELECTRO POP	being torn the sky	猫叉Master+ feat.JUNE	331	613	998	1:57
17-006	17th SR		7	9	11	181	HAPPY HARDCORE	bloomin' feeling	Ryu☆	643	980	1313	1:35
17-007	17th SR		6	8	9	130	LATIN HOUSE	Brazilian Fire	Ben Franklin	412	676	894	1:50
17-008	17th SR		6	8	10	180	SUBLIME TECHNO	CaptivAte～裁き～(SUBLIME TECHNO MIX)	Remixed by DJ YOSHITAKA	523	837	1231	2:14
17-009	17th SR		3	5	7	90	TRIP-POP	Chocolate Dancing	Yocke feat. Mayu	233	505	724	
17-010	17th SR		8	10	11	30-240	NEXT SKOOL BREAKBEATS HARDCORE	D	Eagle	770	1004	1313	2:02
17-011	17th SR		4	8	10	160	EUROBEAT	Dazzlin' Darlin-秋葉工房mix-	Remixed by DJ Command	403	767	1053	1:51
17-012	17th SR		6	8	10	165	PSYCHE TRANCE	DENJIN AKATSUKINI TAORERU -SF PureAnalogSynth Mix-	Remixed by Sota Fujimori	532	826	1336	
17-013	17th SR		5	9	11	175	UK HARDCORE	DESIRE	M-Project fw. GUHROOVY	477	1004	1446	1:59
17-014	17th SR		7	10	12	196	HARDCORE	DOMINION	L.E.D.-G	635	1194	1636	2:04
17-015	17th SR		4	9	11	152	WHITE SEQUENCE	DROP	dj TAKA feat.Kanako Hoshino	435	1115	1337	2:05
17-016	17th SR		6	10	11	185	TRANCE CORE	Elisha	DJ YOSHITAKA	462	754	1152	2:06
17-017	17th SR		6	9	11	173	CYBERPUNK	Empire State Glory	Dirty Androids	563	928	1329	1:57
17-018	17th SR		7	10	12	135-270	HARDCORE	eRAseRmOToRpHAntOM	L.E.D.-G VS GUHROOVY	787	1340	1686	2:25
17-019	17th SR		6	11	12	185	HARD RENAISSANCE	Evans	DJ YOSHITAKA	628	1121	1440	1:45
17-020	17th SR		6	10	12	188	HARDCORE	EXUSIA	L.E.D.-G	628	1417	1964	2:08
17-021	17th SR		7	10	12	170	EXPERIMENTAL MUSIC	G59	怒れる金の獅子	906	1210	2000	2:10
17-022	17th SR		6	10	11	165	HARDCORE TECHNO	GALGALIM	L.E.D.	733	1036	1208	1:48
17-023	17th SR		5	8	10	143	TECH DANCE	Hydrogen Blueback	MAD CHILD	520	862	1170	1:54
17-024	17th SR		5	9	10	166	EUROBEAT	Keep it-秋葉工房mix-	DJ Command feat.NAGISA	521	867	942	1:50
17-025	17th SR		5	7	10	130	ELECTRO	Last Burning	Dirty Androids	443	840	1197	1:57
17-026	17th SR		5	7	10	140	BUBBLEGUM DANCE	Light Shine	Ryu☆	415	582	988	1:45
17-027	17th SR		4	6	8	150	SERIOUS STEP	London Affairs Beckoned With Money Loved By Yellow Papers.	Paddington Private Detective	407	743	922	
17-028	17th SR		6	9	11	160	BUCHIAGE TRANCE	MIRACLE MEETS	Lucky Vacuum	488	807	1128	2:00
17-029	17th SR		7	10	12	188	TECHNO POP SPEED	mosaic	Auridy	754	1035	1509	1:47
17-030	17th SR		6	10	11	200	ONLY ONE IDOL SONG	NEW SENSATION -もう、あなたしか見えない-	SUPER HEROINE 彩香-AYAKA-	641	1045	1357	2:04
17-031	17th SR		4	7	10	160	TECHNO POP	NoN-Fiction Story!	Creative Life	360	703	1112	1:47
17-032	17th SR		4	8	9	132	TECHNO/DANCE	One of A Kind	Crystal Begley	420	711	946	1:52
17-033	17th SR		6	9	11	144	PSY TRANCE(MORNING)	Programmed Sun	kors k	563	960	1309	2:03
17-034	17th SR		4	9	12	※	TRANCE	quell～the seventh slave～	dj TAKA Vs. DJ YOSHITAKA	490	926	1646	※
17-035	17th SR		5	10	11	155-175	ASTRAL CHOIR	Raison d'être～交差する宿命～	Zektbach	614	1184	1389	2:10
17-036	17th SR		6	10	12	158	TECH-BREAKBEATS	Red. by Full Metal Jacket	DJ Mass MAD Izm*	517	1062	1643	1:59
17-037	17th SR		4	7	9	158	ACTRESS	Roots of my way!	ナイア	447	683	1025	2:10
17-038	17th SR		5	9	10	85-170	ONLY ONE BALLAD	She is my wife	SUPER STAR 満-MITSURU-	358	801	1002	1:56
17-039	17th SR		5	10	12	155	HARDSTYLE	SOLID STATE SQUAD	kors k Vs. L.E.D.	539	1188	1819	2:13
17-040	17th SR		5	8	10	185	EMO	Sorrows	Asako Yoshihiro	410	848	1241	1:58
17-041	17th SR		5	7	9	128	J-HOUSE	Special One	kors k feat. Suzuyo Miyamoto	435	618	895	1:37
17-042	17th SR		5	9	10	154	PSYCHEDELIC TRANCE	spiral galaxy -L.E.D. STYLE SPREADING PARTICLE BEAM MIX-	Remixed by L.E.D.	541	1086	1270	
17-043	17th SR		6	8	11	185	DRUM & BASS	THE LAST STRIKER	L.E.D.	721	995	1327	2:12
17-044	17th SR		4	8	10	150	EPIC TRANCE	The Story Begins	SADA & Sota	428	925	1232	2:22
17-045	17th SR		5	7	9	122	CLUB' 80s	To the Future	seiya-murai	295	518	951	
17-046	17th SR		5	8	10	144	ELECTRO	with me...	Sota Fujimori feat.Kemy	465	917	1277	2:00
17-047	17th SR		4	7	8	164	DISTORTED NEW AGE	バビロニア	劇団レコード	422	705	940	2:09
17-048	17th SR		5	8	9	148	J-POP	コスモス	TSU-NA	458	762	1049	1:48
17-049	17th SR		4	6	8	110	モッシュ	フェティッシュペイパー ～脇の汗回転ガール～	ガキ大将ティーム	396	603	914	
17-050	17th SR		3	6	8	170	INSANIO	かずあそび	CULTVOICE by S.S.D.PRODUCTS	265	600	852	2:01
17-051	17th SR		4	7	9	132	STAR POP	未来のプリズム	星野奏子	351	701	893	1:55
17-052	17th SR		4	6	8	111	WORLD/ELECTRONICA	サヨナラ・ヘヴン	猫叉Master	476	709	855	2:05
17-053	17th SR		4	8	10	140	WORLD/ELECTRONICA	水上の提督(Short mix from "幻想水滸伝V")	猫叉Master	357	868	1073	2:03
17-054	17th SR		6	10	12	※	VALSE	ワルツ第17番 ト短調"大犬のワルツ"	virkato	669	1214	1684	※
18-001	18th RA		6	8	11	162	TECHNO	Aegis	IT medalion	459	717	1202	1:48
18-002	18th RA		6	10	12	185	HARD RENAISSANCE	ALBIDA	DJ YOSHITAKA	560	1013	1530	1:55
18-003	18th RA		4	7	10	156	STARPOP	Answer	星野奏子	393	748	1224	2:07
18-004	18th RA		5	9	11	151	LATIN TEK	ANTHEM LANDING	DJムラサメ	489	987	1484	※
18-005	18th RA		5	8	10	145	CROSSOVER HOUSE	BLUST OF WIND	Anemo=Aspel by MLREC.	427	810	1080	2:00
18-006	18th RA		5	9	11	116	DANCEHALL	Bounce Bounce Bounce	kors k feat.Kanata Okajima＆楽天斎	560	909	1293	2:10
18-007	18th RA		5	8	10	166	HARDCORE	Breaking the ground	Art of Fighters	598	899	1274	2:08
18-008	18th RA		5	9	12	148	TRANCE	Broken	dj TAKA feat.AiMEE	543	1039	1598	2:17
18-009	18th RA		6	9	11	162	SYMPHONIC-TEK	BROKEN EDEN	MYTHOLOGIA by MLREC.	542	917	1182	1:53
18-010	18th RA		7	10	12	154	トレンディートランス	Dances with Snow Fairies	Dr.Honda	743	1165	1623	2:07
18-011	18th RA		5	9	11	155	ELECTRIC STEP	Destiny Sword	CAPACITY GATE	455	923	1213	1:48
18-012	18th RA		6	9	10	155	SPEED RAVE	DM STAR～関西 energy style～	NAOKI	562	979	1206	2:04
18-013	18th RA		6	10	12	178	GABBA	ELECTRIC MASSIVE DIVER	L.E.D.-G	688	1291	1883	2:19
18-014	18th RA		6	8	11	170	HARDCORE	Energy Drive	kevin energy	448	763	1122	2:05
18-015	18th RA		4	7	10	148	ONLY ONE ANTHEM	Everlasting Resort	SUPER STAR 満-MITSURU-	448	669	959	1:53
18-016	18th RA		3	8	10	165	HYPER FANTASIA	Fantasia	TЁЯRA	201	781	1123	1:46
18-017	18th RA		5	8	10	130	NU DISCO	Golden Palms	Dirty Androids	377	758	1036	2:01
18-018	18th RA		6	8	10	170	HARDCORE	Hardcore Mania	DJ Weaver	489	788	1101	1:52
18-019	18th RA		3	7	9	175	DRUM & BASS	I FIGHT ME	kobo feat. Marsha	315	718	1068	2:04
18-020	18th RA		5	9	11	146	ENERGETIC HAWAIIAN TRANCE	Kailua	kors k	268	708	1125	1:55
18-021	18th RA		6	9	11	175	UK HARDCORE	Let The Track Flow	Brisk & Ham	571	943	1367	1:57
18-022	18th RA		3	8	10	184	HAPPY CORE	Love♡km	dj TAKA feat. REN	282	722	1142	1:47
18-023	18th RA		4	6	9	173	MAGICAL POP	Medicine of love	イロハ＆リリナ	331	558	866	1:40
18-024	18th RA		5	8	10	140	BUBBLEGUM DANCE	Mermaid girl	Cream puff	500	856	1113	2:06
18-025	18th RA		4	8	11	170	IIDX HANDZ UP!!	Never Fade Away	Sota Fujimori feat. dj MAX STEROID	398	907	1535	2:05
18-026	18th RA		6	10	11	120-180	DYSTOPIA	New Castle Legions	Dirty Androids	512	1027	1287	1:59
18-027	18th RA		7	11	12	200	TRANCE CORE	PARADISE LOST	Ryu☆ Vs. L.E.D.-G	726	1217	1718	2:13
18-028	18th RA		6	8	10	149	HANDZ UP	passionate fate	Ryu☆	589	832	1075	1:58
18-029	18th RA		7	11	12	172	ANTHEM CORE	perditus†paradisus	iconoclasm	658	1345	2065	2:10
18-030	18th RA		4	7	10	140	UPLIFTING TRANCE	Programmed Sun(xac Antarctic Ocean mix)	xac	384	767	1013	2:07
18-031	18th RA		8	11	12	184	CYBER WALTZ	reunion	Tatsh	708	1239	1677	2:03
18-032	18th RA		5	9	11	175	UK HARDCORE	Rock Da House	M-Project fw. GUHROOVY	456	836	1128	1:49
18-033	18th RA		5	9	11	37-444	SHOOTING WALTZ	SABER WING	TAG	282	952	1438	1:47
18-034	18th RA		3	9	11	181	HAPPY HARDCORE	Sakura Reflection	Ryu☆	242	815	1190	1:45
18-035	18th RA		5	8	12	184	HAPPY HARDCORE	sakura storm	Ryu☆	529	675	1225	1:33
18-036	18th RA		4	8	12	168	BUCHIAGE TRANCE	SPECIAL SUMMER CAMPAIGN!	Lucky Vacuum	358	833	1509	1:46
18-037	18th RA		4	6	8	100	R&B	Stay my side	DJ Yoshitaka feat.RINA	325	541	678	1:42
18-038	18th RA		4	9	11	162	HARD DANCE	STELLAR WIND	L.E.D.	322	963	1370	2:02
18-039	18th RA		4	7	10	152	90's ELECTRIC POP	Survival Games	VENUS	433	746	1091	1:42
18-040	18th RA		4	8	10	144	SYNTHETIC ELECTRO	Take Me Higher	Sota Fujimori feat. Sachi	400	841	1202	2:02
18-041	18th RA		5	10	11	154	GOA TRANCE	THE BLACK KNIGHT	L.E.D.	470	1067	1488	2:02
18-042	18th RA		4	8	10	155	TRANCE	THE DOOR INTO RAINBOW	L.E.D.	409	873	1123	2:06
18-043	18th RA		5	8	11	167	GOTH NU-STYLE GABBA	THE FALLEN	L.E.D.-G	468	780	1377	1:51
18-044	18th RA		8	10	11	182	VACATION DANCE	Tropical April	Risk Junk	827	1174	1395	2:03
18-045	18th RA		5	7	10	152	PSYCHE FUSION	Vermillion	Mystic Moon	272	598	1045	1:31
18-046	18th RA		4	9	10	165	SURF＆DUB	WE LOVE SHONAN	Studio Bongo Mango feat. Likkle Mai	404	865	1106	1:47
18-047	18th RA		3	7	9	127	RESORT HOUSE	WISE UP!	木之下慶行 feat.星野奏子	249	596	803	1:45
18-048	18th RA		3	8	10	173	CANDY RAVE	Wuv U	kors k	208	672	861	1:37
18-049	18th RA		5	8	10	160	DANCE POP	XANADU OF TWO	T.Kakuta With Starving Trancer + 森永真由美	505	882	1382	2:11
18-050	18th RA		4	9	11	90-180	IDM	ZETA～素数の世界と超越者～	Zektbach	307	1097	1583	2:14
18-051	18th RA		2	8	10	171	HAPPY HARDCORE	中華急行	Ryu☆	164	770	1167	1:42
18-052	18th RA		5	7	9	186	NATSU MATSURI	かげぬい ～ Ver.BENIBOTAN ～	CULTVOICE by S.S.D.PRODUCTS	450	718	980	2:02
18-053	18th RA		4	9	12	150	撫子メタル	黒髪乱れし修羅となりて	村正クオリア	410	1077	1745	2:05
18-054	18th RA		3	5	7	100	WORLD/POPS	おおきなこえで	猫叉Master feat.Sana	230	502	754	2:04
18-055	18th RA		6	8	10	88-175	TECHY FREEFORM	ラクエン Feat.Chiharu Chonan -JAKA respect for K.S.K. Remix	Remixed by JAKAZiD	577	864	1307	2:07
18-056	18th RA		7	10	12	153	BROKEN SAMBA BREAK	灼熱Beach Side Bunny	DJ Mass MAD Izm*	564	1025	1719	2:02
18-057	18th RA		6	9	11	155	ELECLORE	旅人リラン	XOGO BRYKK	579	998	1345	2:03
18-058	18th RA		5	9	11	174	AURAL ADRENALINE	夕焼け ～Fading Day～	JAKAZiD	504	1067	1420	1:57
18-059	18th RA		6	8	10	149	HANDZ UP	passionate fate	Ryu☆	589	832	1072	1:58
19-001	19th LC		3	6	9	114	LA FABELO	A MINSTREL ～ ver. short-scape ～	KANTASIA by S.S.D. PRODUCTS	341	732	1187	2:04
19-002	19th LC	PK02	4	8	10	172	TECHNO	Almace	Qrispy Joybox	432	660	1012	1:46
19-003	19th LC	PK01	4	7	9	165	DANCE POP	ANAGRAMS I to Y	Mayumi Morinaga	456	849	1245	2:13
19-004	19th LC	PK02	6	10	12	163	TECH-BREAKBEATS	BLACK.by X-Cross Fade	DJ Mass MAD Izm*	518	1111	1738	1:58
19-005	19th LC		2	5	8	158	WORLD/ELECTRONICA	CALL	猫叉Master	185	441	735	1:59
19-006	19th LC	PK01	4	9	11	191	DANCE SPEED	Castle on the Moon	青龍	328	837	1231	1:38
19-007	19th LC	PK01	5	7	9	286	SPEED POP	Change the World	Tatsh feat.小田ユウ	412	714	931	2:00
19-008	19th LC	PK02	6	9	12	160	TRANSCENDENTAL ETUDES	DIAVOLO	度胸兄弟	657	974	1745	1:58
19-009	19th LC	PK02	4	7	10	180	AKIBA RAVE	Drive Me Crazy	kors k feat.古川未鈴	361	704	1157	1:58
19-010	19th LC	PK02	4	6	10	182	J-CORE	Express Emotion	REDALiCE feat. Shihori	385	521	1271	2:02
19-011	19th LC	PK01	5	10	12	154	RENAISSANCE	F	D.J.Amuro	532	1099	1813	1:55
19-012	19th LC	PK01	3	7	9	180	DRUM'N'BASS	Far east nightbird	猫叉Master	264	682	1025	1:58
19-013	19th LC	PK02	4	10	12	138	HARD Pf	ƒƒƒƒƒ	Five Hammer	431	1109	1624	1:42
19-014	19th LC	PK01	3	7	10	175	CANDY HANDZ UP	Flip Flap	kors k	294	706	1137	1:54
19-015	19th LC	PK01	4	8	10	140	J-DANCE POP	Follow Tomorrow	HHH×MM×ST	457	754	1142	1:53
19-016	19th LC	PK01	3	6	9	140	MARCHING ROCK	GIGANT	seiya-murai	297	601	890	1:44
19-017	19th LC	PK02	5	10	12	208	ECCENTRIC	HAERETICUS	D.J.Amuro Vs MAX MAXIMIZER	440	1000	1589	1:48
19-018	19th LC	PK02	3	8	11	181	HAPPY HARDCORE	I'm so Happy	Ryu☆	211	709	1187	1:40
19-019	19th LC		6	9	10	190	DRUM'N'BASS	Infinite cave	猫叉Master+	529	786	1044	2:00
19-020	19th LC	PK02	5	8	11	177	PROGRESSIVE ROCK	In the Blackest Den	Bulluvegola	449	831	1372	1:57
19-021	19th LC	PK01	5	8	10	175	DRUM & BASS	Into The Sunlight	kobo feat. RIO	520	877	1192	2:05
19-022	19th LC	PK01	3	6	9	140	トレンディーポップス	KYAMISAMA ONEGAI!	Dr.Honda feat. Moe	344	580	1076	1:58
19-023	19th LC	PK02	6	9	10	190	LOUD TECH	LAX5 feat.Ryota Yoshinari	Katana Sounds	540	1082	1427	2:00
19-024	19th LC	PK02	5	8	10	165	PLATINUM J-POP ONE	LETHEBOLG ～双神威に斬り咲けり～	TЁЯRA	518	826	1111	2:07
19-025	19th LC		2	6	9	134	ELECTRO	Liquid Crystal Girl feat. echo	kmp	209	562	1014	2:05
19-026	19th LC	PK02	4	8	10	160	DREAM TRANCE	Lucky Days	Sota Fujimori feat. Kanako Hoshino	333	777	1111	2:02
19-027	19th LC		4	6	9	150	EUROBEAT	Mermaid girl-秋葉工房 MIX-	Remixed by DJ Command	415	678	1030	2:11
19-028	19th LC	PK01	4	6	9	131	80's ELECTRO HOUSE	Miami Sunset Drive	Dirty Androids	324	548	842	2:08
19-029	19th LC	PK01	6	10	12	101-202	ELECTRO GOTHIC	NNRT	Levaslater	632	1290	1780	2:13
19-030	19th LC	PK02	4	8	9	183	ALTERNATIVE ETHNO POP	PentaCube Gt.(RX-Ver.S.P.L.)	高田雅史	266	775	1069	2:00
19-031	19th LC	PK02	5	7	10	176	HARD NRG	Phoenix	Hommarju	454	617	1258	1:55
19-032	19th LC	PK02	5	8	11	198	NU PROGRESSIVE	prompt	w×s ft.*spiLa*	482	802	1420	2:06
19-033	19th LC	PK01	7	10	11	152	TECHNO	QUANTUM TELEPORTATION	L.E.D.	729	1216	1490	2:10
19-034	19th LC	PK02	4	9	12	182-186	HAPPY	quaver♪	Risk Junk	357	1075	1745	1:49
19-035	19th LC	PK02	5	9	11	172	RAVE FUSION	Quick Silver	Mystic Moon	404	941	1353	1:54
19-036	19th LC	PK02	4	7	10	146	TECH DANCE	Release The Music	kors k	430	740	1081	2:03
19-037	19th LC	PK02	3	7	10	184	MYSTERIOUS ROCK	RESISTANCE	セリカ	320	679	1198	1:59
19-038	19th LC	PK02	4	6	9	145	HYPER ELECTRO	Round and Round	Masayoshi Minoshima feat. 綾倉盟	403	622	1088	2:00
19-039	19th LC		4	8	10	85-170	ONLY ONE FINALE	SA.YO.NA.RA. SUPER STAR	SUPER STAR 満-MITSURU-	248	656	868	1:55
19-040	19th LC	PK01	5	9	11	217	HARD ROCK	Scharfrichter	Ashemu	449	822	1472	2:05
19-041	19th LC	PK01	4	8	10	180	VALIANT BEAT	Several Words	CAPACITY GATE	321	729	1098	1:52
19-042	19th LC	PK01	5	9	11	151	TECHNO	SHADE	DJ MURASAME vs dj Killer	551	1048	1464	※
19-043	19th LC		6	10	12	145	TECH-BREAKBEATS	Snake Stick	DJ Yoshitaka VS. DJ Mass MAD Izm*	535	1067	1447	1:56
19-044	19th LC	PK01	4	7	10	148	TRANCE	Star Trail	Nhato	325	612	942	2:00
19-045	19th LC	PK01	6	10	12	200	CYBER PUNK	The Limbo	STN	603	1042	1701	2:04
19-046	19th LC	PK01	5	9	12	150	HARD TRANCE	The Sampling Paradise	Mamonis	438	940	1545	1:58
19-047	19th LC		5	9	12	188	RAVERS DANCE SPEED	Thunderbolt	雷龍	527	975	1911	2:05
19-048	19th LC		4	8	11	194	DRUMSTEP	TITANS RETURN	L.E.D.	318	802	1275	1:47
19-049	19th LC	PK01	5	9	12	185	SACRED TRANCE	Todestrieb	Rche	565	979	1733	2:09
19-050	19th LC	PK02	5	9	12	165	HARD TRANCE	WONDER WALKER	L.E.D.	496	990	1921	2:07
19-051	19th LC	PK02	6	10	12	190	TERROR CORE	YAKSHA	Neulakyussra	634	1215	2000	2:13
19-052	19th LC	PK02	4	8	10	187	TEK-TRANCE	yellow head joe	S-C-U	401	778	1152	1:37
19-053	19th LC	PK01	4	7	10	174	DRUM'N'BASS	Yellow Sunrise	xac	383	726	1145	1:57
19-054	19th LC		5	9	11	168	EURO RAVE	24th Century BOY	Tatsh	430	996	1456	2:01
19-055	19th LC		3	7	11	177	HARDCORE	532nm	Ryu☆	288	640	1349	1:39
19-056	19th LC	PK02	3	8	10	196	HAPPY HARDCORE	ビューティフルレシート	Lucky Vacuum	259	621	978	1:48
19-057	19th LC	PK01	6	10	12	280	PROGRESSIVE	子供の落書き帳	佐々木博史	471	1018	1395	1:36
19-058	19th LC		4	8	11	170	ORIENTAL MYTHOLOGY	蛇神	Zektbach	368	773	1438	2:05
19-059	19th LC	PK02	3	6	9	140	POP	陽炎	星野奏子	317	606	1010	1:45
19-060	19th LC	PK02	4	9	11	260	トレンディーフュージョン	君のハートにロックオン	Dr.Honda	359	904	1363	2:04
19-061	19th LC		5	8	12	200	Hi-BLEEP	恋する☆宇宙戦争っ!!	Prim	455	883	1835	2:08
19-062	19th LC		4	7	10	185	電波	突撃!ガラスのニーソ姫!	山本椛 (monotone)	329	592	1066	1:53
19-063	19th LC	PK01	4	7	10	139	NEO CLASSICAL DANCE	衰色小町メランコリア	iNO	401	711	1192	1:55
19-064	19th LC	PK01	7	10	12	150	ANTHEM	天空の夜明け	Cuvelia	686	1125	2072	2:12
19-065	19th LC	PK01	3	7	11	164	SYMPHONIC-TEK	ユミル	MYTHOLOGIA by MLREC.	333	691	1434	2:04
20-001	20th TR	PK04	5	8	10	185	ELECTRO POP	Ascalon	Qrispy Joybox	569	913	1171	1:57
20-002	20th TR	PK03	3	7	11	190	SPEEDCORE	Beastie Starter	GUHROOVY	272	661	1121	1:53
20-003	20th TR	PK04	4	7	10	160	HARD DANCE	BLUE STRAGGLER	L.E.D.	440	761	1328	1:51
20-004	20th TR	PK05	4	8	10	160	SPACY TRANCE	BRAVE GLOW	SOUND HOLIC feat. Nana Takahashi	419	875	1261	1:59
20-005	20th TR	PK04	5	8	11	186	J-CORE	Breaking Dawn feat. NO+CHIN, AYANO	GUHROOVY	549	851	1544	2:07
20-006	20th TR	PK04	5	7	11	198	HARD REVOLUTION	CONCEPTUAL	Sota Fujimori 2nd Season	417	689	1391	1:55
20-007	20th TR	PK04	5	10	12	185	HARD ELECTRIC POP	Confiserie	L.E.D. vs S-C-U	484	1097	1833	1:46
20-008	20th TR	PK04	2	6	8	128	LOUNGE POP	connective	猫叉Master feat.*spiLa*	203	564	805	1:57
20-009	20th TR	PK04	5	9	11	205	BREAK CORE	Cookie Bouquets	L.E.D. vs TOMOSUKE fw.crimm	446	1076	1714	2:09
20-010	20th TR	PK05	5	8	11	190	PIECED ROCK	Deceive Your Insight	Project B-	460	786	1242	1:46
20-011	20th TR	PK05	3	6	9	135	HOUSE	Echo Of Forever	kors k	307	597	1020	2:01
20-012	20th TR	PK03	7	10	12	212	HARD RENAISSANCE	Elemental Creation	dj TAKA meets DJ YOSHITAKA	767	1248	2130	2:06
20-013	20th TR	PK04	4	7	10	180	DRUM STEP	Empathetic	Sota÷Des	358	716	1085	1:57
20-014	20th TR	PK03	6	9	11	180	VACATION DANCE	examination leave	dj razzle dazzle	585	972	1712	1:51
20-015	20th TR		6	9	11	173	TRANCE CORE	FLOWER	DJ YOSHITAKA	575	915	1460	2:05
20-016	20th TR	PK03	4	8	10	141	HANDZ UP	Fly you to the star	Another Infinity feat. Mayumi Morinaga	393	818	1144	1:55
20-017	20th TR	PK03	6	9	11	175	CYBER PROGRESSIVE	Fractal	Sota Fujimori	648	1033	1512	2:07
20-018	20th TR	PK05	5	10	12	180	SPEED DANCE	GAIA	猫叉L.E.D.Master+	527	1149	1676	2:02
20-019	20th TR	PK04	5	8	10	180	KONAMI REMIX	GRADIUS 2012	Sota Fujimori	465	869	1380	2:03
20-020	20th TR	PK04	5	10	12	186	DRUM'N'BASS	Hollywood Galaxy	dj TAKA	567	1039	1392	1:54
20-021	20th TR		4	8	10	130-160	CHRISTMAS SYMPHONY	Holy Snow	Mutsuhiko Izumi	435	700	944	1:46
20-022	20th TR	PK03	4	7	9	155	NU RAVE	Howling	PON	280	695	1066	1:50
20-023	20th TR	PK03	3	6	9	136	NEW 80's	I know You know	Suke+Suke feat.Ribbon	304	602	950	1:59
20-024	20th TR	PK03	4	7	10	142	HYPER ELECTRO	ILIAS	Masayoshi Minoshima feat. 坂上なち	406	669	1105	1:50
20-025	20th TR	PK04	5	9	11	260	ORBITALIC CORE	Illegal Function Call	U1-ASAMi	511	942	1398	2:01
20-026	20th TR	PK03	4	7	9	149	HEAVENLY TRANCE	In Heaven	Sota Fujimori	386	745	1072	1:58
20-027	20th TR	PK05	6	10	12	90-300	HARD RENAISSANCE	JOMANDA	DJ YOSHITAKA	595	1300	1918	2:10
20-028	20th TR	PK03	6	9	12	150	TRANCE	Liberation	dj TAKA	760	1203	1905	1:59
20-029	20th TR	PK05	5	9	11	181	HAPPY HARDCORE	Light and Cyber･･･	Tatsh	532	1039	1579	2:04
20-030	20th TR	PK05	5	8	12	183	J-CORE	Little Star	REDALiCE feat. Ayumi Nomiya	495	896	1635	1:56
20-031	20th TR	PK05	3	7	9	140	NEO 80's EURO ELECTRO	LUV CAN SAVE U	HIDEKI NAGANUMA	295	720	1069	2:01
20-032	20th TR	PK05	4	5	8	111	JAZZ HOUSE	mnemoniq	youhei shimizu	269	488	658	1:44
20-033	20th TR	PK03	4	8	10	145	TECH DANCE	Neonlights	DJ Noriken	333	815	1127	1:53
20-034	20th TR	PK02	6	10	12	※	NIENTE	neu	少年ラジオ	504	1099	1999	※
20-035	20th TR	PK03	5	9	11	200	SPEED DANCE CORE	New Decade IIDX Edition	Sota F.	503	1001	1539	1:56
20-036	20th TR	PK05	6	9	10	175	HARDCORE	New Lights	kors k	531	929	1250	2:06
20-037	20th TR	PK04	6	10	12	212	HAPPY GABBA	Plan 8	Ryu☆	600	1147	1690	2:04
20-038	20th TR	PK03	4	8	10	164	ELECTRIC POP	planarian	S-C-U	360	854	1279	1:50
20-039	20th TR	PK04	4	7	10	188	DRUM'N'BASS	POINT ZERO	猫叉Master+	370	663	1068	1:51
20-040	20th TR	PK03	4	7	10	130	ELECTRO	portal	猫叉Master+	438	736	1090	1:55
20-041	20th TR	PK05	4	8	10	152	CLASSICAL PIANO	Präludium	Yuko Takahashi	355	732	1164	2:00
20-042	20th TR	PK04	6	10	12	170	HARD ELECTRONICA	Proof of the existence	猫叉Master+	603	1104	1675	2:06
20-043	20th TR	PK03	4	7	10	179	DRUM'N'BASS	Rainbow after snow	猫叉Master feat.林ももこ	370	744	1090	2:04
20-044	20th TR	PK05	4	7	10	110	BOSSA ELECTRONICA	Reflection Into the EDEN	猫叉Master	404	740	1100	2:24
20-045	20th TR		5	8	10	176	EMOTIONAL SENTENCE	Re:GENERATION	TAG feat. ERi	481	810	1145	1:57
20-046	20th TR	PK04	5	10	11	192	LOUNGECORE	rumrum triplets	yu_tokiwa.djw	491	1029	1541	2:07
20-047	20th TR	PK03	5	8	11	177	DRUMSTEP	S!ck	Eagle	463	808	1373	2:02
20-048	20th TR	PK04	7	10	11	155	PROGRESSIVE TRIBAL	Saturn	Mr.Saturn	693	1040	1332	1:55
20-049	20th TR	PK05	6	8	9	150	ELECTRO POP	Shining World	DJ Genki feat. Yukacco	632	811	976	1:58
20-050	20th TR	PK03	4	7	10	179	HI-SPEED FANTASY TUNE	SHION	DJ YOSHITAKA	338	656	1359	2:04
20-051	20th TR		6	9	12	190-200	FREEFORM HARDCORE	Sol Cosine Job 2	DJ TECHNORCH	542	904	1625	2:00
20-052	20th TR	PK05	5	7	10	129	FRENCH HOUSE	Spinning Around	Dirty Androids	446	799	1161	2:03
20-053	20th TR	PK05	5	10	12	90-182	GRAVIOL	STULTI	MAX MAXIMIZER VS DJ TOTTO	415	867	1416	1:50
20-054	20th TR	PK05	5	10	12	160-166	LATIN EURO	SYNC-ANTHEM	Tatsh feat. 星野奏子	481	1279	1865	2:07
20-055	20th TR	PK03	4	8	11	160	ORBITALIC REVOLUTION	Synergy For Angels	TAG×U1-ASAMi	466	860	1400	1:56
20-056	20th TR		5	10	12	150	TRANSCENDENTAL ETUDES	Thor's Hammer	ユニバーサル度胸兄弟	491	945	1641	1:46
20-057	20th TR	PK03	5	10	12	287	PROGRESSIVE ROCK	Timepiece phase II	佐々木博史	546	1161	1665	1:44
20-058	20th TR	PK04	6	10	12	287	PROGRESSIVE ROCK	Timepiece phase II (CN Ver.)	佐々木博史	501	1008	1546	1:47
20-059	20th TR		4	9	10	148	TRANCE	Time to Empress	dj TAKA feat.wac & secret K	467	983	1324	2:01
20-060	20th TR	PK04	3	6	9	153	STARPOP	To my star	星野奏子	302	638	878	1:56
20-061	20th TR	PK05	5	7	10	170	BREAKBEATS	Tp-RZ	CAPACITY GATE	439	701	1136	1:51
20-062	20th TR	PK05	5	10	12	164	ESSENTIALLY	True Blue	dj TAKA feat.AiMEE	551	1291	1898	2:08
20-063	20th TR		7	10	12	186	ART CORE	Valanga	DJ TOTTO	674	1126	1647	1:42
20-064	20th TR	PK04	6	10	11	185	TRANCE CORE	VALLIS-NERIA	DJ YOSHITAKA	623	1076	1507	2:13
20-065	20th TR	PK03	5	9	11	191	UNIVERSAL J-CORE	VEGA	REDALiCE	581	1061	1584	1:59
20-066	20th TR	PK03	3	7	9	110	DESERT ALTERNATIVE EDGE	YELLOW FROG from Steel Chronicle	劇団レコード	295	643	963	1:49
20-067	20th TR	PK04	5	8	11	190	DUB STEP	ZED	USAO	474	876	1405	2:02
20-068	20th TR		5	10	12	210	SPACE REQUIEM	Zirkfied	iconoclasm	524	1055	1968	2:05
20-069	20th TR	PK04	5	9	11	177	HARDCORE	405nm (Ryu☆mix)	Another Infinity	467	898	1301	1:49
20-070	20th TR	PK04	3	6	10	150	CHIPTUNE	8bit Princess	seiya-murai feat. ALT	327	690	1319	2:01
20-071	20th TR	PK03	4	9	12	173	ZODIAC ORACLE 7	アストライアの双皿	ZODIACSYNDICATE	345	1110	1632	2:07
20-072	20th TR	PK05	4	8	11	230	電波	カジノファイヤーことみちゃん	ARM feat. 山本椛＋Brasscapsule	331	737	1271	1:53
20-073	20th TR	PK05	5	8	11	165	EPIC TECHNO	龍と少女とデコヒーレンス	黒猫ダンジョン	427	863	1515	2:06
20-074	20th TR	PK04	6	10	12	175	ROMANTIC SCHOOL VARIATIONS	ΕΛΠΙΣ	dj TAKA	584	1075	1600	2:04
20-075	20th TR	PK03	4	9	11	200	CREATOR	創世ノート	PON+wac	430	988	1512	2:01
20-076	20th TR	PK03	5	8	10	190	お米タル	お米の美味しい炊き方、そしてお米を食べることによるその効果。	大日本鉄倶楽部【あさき＆96】	459	812	1122	1:58
20-077	20th TR	PK05	5	7	9	166	NEO CLASSICAL DANCE	下弦の月	iNO	477	755	1000	1:56
20-078	20th TR	PK05	6	10	12	206	Hi-GOTH	狂イ咲ケ焔ノ華	覚醒ノPrim	621	1269	1860	2:10
20-079	20th TR	PK03	6	10	12	196	Hi-ν BLEEP	キャトられ♥恋はモ～モク	ギュ～っとしたい♥Prim	751	1359	1988	2:12
20-080	20th TR	PK05	4	8	10	157	CYBER SYMPHONIC POP	メイメツ、フラグメンツ	中山真斗(Elements Garden)feat.桜川めぐ	329	661	984	1:40
20-081	20th TR	PK04	3	9	12	190	Hi-CORE	†渚の小悪魔ラヴリィ～レイディオ†(IIDX EDIT)	夏色ビキニのPrim	279	858	1835	1:50
20-082	20th TR	PK03	4	8	10	170	LIGHT-VISUAL POP	虹色の花	Akhuta y OJ	460	814	1142	1:51
20-083	20th TR	PK03	4	7	10	149	FASCINATION	朧	HHH×MM×ST	395	758	1060	2:01
20-084	20th TR	PK03	5	10	12	210-360	SILENT	音楽	弁士カンタビレオ	453	1038	1487	※
20-085	20th TR		4	8	10	165	LUCKY TECHNO	ラキラキ	Mutsuhiko Izumi & S-C-U	332	749	1001	1:43
20-086	20th TR	PK05	6	10	12	187	TOY CONTEMPORARY	シュレーディンガーの猫	Cait Sith	580	1231	1717	1:53
20-087	20th TR	PK04	3	7	9	230	スウィートロニカ	晴天Bon Voyage	TOMOSUKE × seiya-murai feat. ALT	242	649	917	1:50
20-088	20th TR	PK04	7	10	12	180	PROGRESSIVE	たまゆら	佐々木博史	600	960	1407	1:49
20-089	20th TR	PK03	5	9	11	151	TECHNO	仮想空間の旅人たち	DJ MURASAME	587	1121	1450	※
20-090	20th TR	PK03	6	9	12	185	歌謡 DRUM & BASS	トリカゴノ鳳凰	L.E.D. Vs. 幽閉サテライト	586	1057	1932	2:11
20-091	20th TR	PK05	5	7	10	167	想歌 梅	梅雪夜	Qrispy Joybox feat.mao	445	759	1081	1:49
20-091	20th TR		7	10	12	186	ARTCORE	Valanga	DJ TOTTO	674	1126	1647	1:56
21-001	21th SP	PK07	6	10	12	180	ARTCORE	Adularia	DJ TOTTO	540	972	1449	1:57
21-002	21th SP	PK06	5	8	11	165	HYPER GOTHIC BEAT	ALBA -黎明-	SOUND HOLIC feat. Nana Takahashi	330	787	1631	1:55
21-003	21th SP	PK06	5	8	11	170	INDUSTRIAL METAL	All is Wrecked	Destron	465	754	1289	1:44
21-004	21th SP	PK06	6	10	12	178	DYNASTIC FREEFORM	Ancient Scapes	Durandal	602	1073	1780	2:07
21-005	21th SP	PK07	4	10	11	180	TRANCECORE MEETS GABBA	BRAINSTORM	Hardcore United Tokyo (teranoid & DJ TECHNORCH)	386	1032	1449	2:07
21-006	21th SP	PK06	5	8	10	150	ELECTRANCE	BRAVE OUT	nomico / DOWNFORCE	528	773	1091	2:00
21-007	21th SP	PK06	2	6	9	165	ILUZIO	Claiomh Solais	DJ Yoshitaka VS S.S.D.	173	723	1052	1:59
21-008	21th SP		4	8	11	190	PHARAO BEAM STEP	Cleopatrysm	ピラミッ℃	416	753	1326	1:55
21-009	21th SP	PK07	5	10	12	188	J-CORE	Close the World feat.a☆ru	天叢雲剣	578	1075	1739	1:59
21-010	21th SP	PK07	6	8	11	191	DANCE SPEED	Critical Crystal	青龍	565	946	1495	1:54
21-011	21th SP	PK06	6	9	12	196	DARK ELEMENT	DARK LEGACY	BaSTeT	675	1077	1828	2:03
21-012	21th SP	PK07	3	7	11	112	GLITCH HOP	diagram	Expander	318	660	1461	2:07
21-013	21th SP	PK06	6	9	11	180	UK HARDCORE	Elektrick U-Phoria	DJ Noriken	593	1004	1566	2:02
21-014	21th SP	PK07	3	7	9	170	HEALING POP	Element of SPADA	猫叉Master feat. 霜月はるか	355	686	1047	2:10
21-015	21th SP	PK06	4	8	11	188	HAPPY SAD CORE	Engraved Mark	Ryu☆ ∞ Des-ROW	413	700	1222	1:52
21-016	21th SP	PK07	4	7	9	155	EMOTIONAL SENTENCE	esrev:eR	TAG meets "eimy"	395	693	968	1:43
21-017	21th SP		5	8	11	148	TECHNO	EXTREME MACH COLLIDER	L.E.D.	527	763	1305	2:02
21-018	21th SP		7	10	12	175	HARDCORE RAVE	Feel The Beat	Falsion	689	1129	1830	2:04
21-019	21th SP	PK07	3	6	11	115	JAG GLITCH	Funny shuffle	猫叉Master+	309	590	1199	1:46
21-020	21th SP	PK07	4	7	9	130	KANA-POP	Give Me Your Love	星野奏子	331	696	946	1:54
21-021	21th SP	PK07	6	9	11	178	BIG BEAT	HYENA	Hommarju	608	1026	1434	2:00
21-022	21th SP	PK06	5	8	10	175	DRUM&BASS	Hypersonik	Eagle	521	878	1272	2:06
21-023	21th SP	PK06	6	9	11	172	ONLY ONE MOMENT	I will be back -オレは帰ってきた-	SUPER STAR 満-MITSURU-	516	1012	1492	1:50
21-024	21th SP	PK06	5	9	12	208	J-CORE	Immortal	DJ NAGAI	483	902	1607	1:53
21-025	21th SP	PK06	4	7	11	146	Hi-TECH FULL ON	Insane Techniques	kors k	378	672	1263	2:09
21-026	21th SP		4	8	12	195	FUNKOT	INSOMNIA	ジャカルタファンクブラザーズ	407	938	1661	2:01
21-027	21th SP		5	9	12	195	TRIBE CORE	invoker	Caladborg	569	1009	1624	2:07
21-028	21th SP		7	10	12	170	HEAVY METAL	KAISER PHOENIX	96	679	1194	1693	1:46
21-029	21th SP		3	7	11	180	PROGRESSIVE GOSPEL	KHAMEN BREAK	くふおー	298	723	1281	2:12
21-030	21th SP	PK06	5	9	11	180	DRUM'N'BASS	LA FESTA LA VITA!!	GUHROOVY	443	915	1461	2:05
21-031	21th SP	PK07	6	10	12	150	HARD STACC	Last Dance	dj TAKA	615	1040	1650	1:58
21-032	21th SP	PK06	4	7	11	162	TRANCE POP	Lighting Shower	TAG	418	694	1220	1:39
21-033	21th SP	PK06	3	6	10	202	PIECED DOWNBEAT	M.D.Injection	Project B-	301	626	1231	1:57
21-034	21th SP	PK06	3	6	9	140	UPBEAT	MAD ATTACK	HALFBY	348	683	991	1:47
21-035	21th SP	PK06	5	9	11	185	HAPPY CORE	MAGIC & LOVE	DJ Genki feat. Yukacco	517	942	1481	1:54
21-036	21th SP	PK07	6	9	11	205	TOKYO STYLE SPEEDCORE	m1dy Deluxe	m1dy	598	951	1342	1:59
21-037	21th SP	PK07	5	8	10	210	FRENCHCORE	Miracle 5ympho X	USAO	390	674	1325	2:02
21-038	21th SP	PK07	6	9	11	175	DRUM'N'BASS	NEMESIS -gratitude remix- IIDX Edition	Remixed by PHQUASE	533	925	1364	2:05
21-039	21th SP	PK06	5	8	10	165	ELECTRO POP	NPC World	PON	522	826	1155	1:55
21-040	21th SP	PK07	4	7	10	160-180	GABBER	Odin	Noizenecio	408	721	1039	2:10
21-041	21th SP	PK07	5	8	11	175	HARDCORE RAVE	Overload Frontier	DJ Shimamura	404	954	1336	2:01
21-042	21th SP	PK07	3	8	11	180	ANCIENT CIVILIZATION	Pharaoh	劇団レコード	331	727	1242	1:47
21-043	21th SP		5	9	12	180	VARIANT RAVE	PUNISHER	TAG×PON	583	1081	1812	1:59
21-044	21th SP		8	10	12	111-222	RAVERS DANCE SPEED	ra'am	雷龍	653	1003	1461	1:46
21-045	21th SP	PK06	5	9	11	156	BRIGHTNESS	rainbow guitar weeps	dj TAKA	492	951	1406	2:03
21-046	21th SP	PK07	5	7	9	182	POPS	Recollection	Noria	597	883	1118	2:12
21-047	21th SP	PK06	3	7	11	154	PSYCHEDELIC TRANCE	refractive index	Sota Fujimori	374	731	1360	1:56
21-048	21th SP	PK07	5	8	10	182	DRUMSTEP	RISE	Dirty Androids	480	701	951	2:01
21-049	21th SP		6	9	10	177	HAPPY HARDCORE	RIZING YOU UP	Ryu☆	537	1080	1295	1:59
21-050	21th SP	PK07	6	9	11	150	FULL ON	SCHWARZSCHILD FIELD	L.E.D.	472	840	1232	1:48
21-051	21th SP	PK07	4	8	10	160	CONTEMPORARY BREAKS	Shattered control	Vivian	350	781	1107	1:56
21-052	21th SP		7	10	12	200	REQUIEM PSY	Sigmund	Gram	806	1228	2029	2:03
21-053	21th SP	PK07	6	9	11	162	ONLY ONE ACT	Smug Face -どうだ、オレの生き様は- (ONLY ONE EDITION)	SUPER STAR 満-MITSURU-	576	1025	1334	2:03
21-054	21th SP	PK07	5	8	11	173	WITHOUT YOU TONIGHT -VI-	Squeeze	VENUS feat. Mutsuhiko Izumi	432	745	1257	1:45
21-055	21th SP	PK07	3	7	11	120-180	SYMPHONOVATIVE ROCK	Stella Sinistra	Akhuta Philharmonic Orchestra	283	708	1279	2:00
21-056	21th SP		7	10	11	173	NU STYLE GABBA	THE DETONATOR	teranoid VS L.E.D.-G	836	1284	1636	2:22
21-057	21th SP		5	9	11	170	BREAKBEATS TRANCE	Unicorn tail	DJ YOSHITAKA	438	1046	1605	2:21
21-058	21th SP	PK06	4	7	11	175	MAINSTREAM HARDCORE	Valgus	DJ Myosuke feat. yukacco	330	685	1206	2:03
21-059	21th SP	PK07	6	10	12	180	HARD NRG	Verflucht	Tyrfing	647	1081	1805	1:50
21-060	21th SP		6	9	11	154-175	UK HARDCORE	Votum stellarum -Hommarju Remix-	Remixed by Hommarju	550	955	1384	1:59
21-061	21th SP		8	11	12	202	ROTTERDAM TECHNO	VOX UP	sampling masters MEGA vs 青龍	754	1473	1870	2:02
21-062	21th SP	PK07	3	7	10	190	DUBSTEP	WOBBLE IMPACT	Sota Fujimori	327	789	1253	1:57
21-063	21th SP	PK06	5	8	11	192	ASTRAL HARDCORE	ÆTHER	TAG underground	514	833	1440	2:01
21-064	21th SP	PK06	4	8	11	157	ZODIAC ORACLE X	牧神笛吹きて	楽士ゾディアック	377	721	1044	2:00
21-065	21th SP		5	8	10	144	BLOOM FUSION	アルストロメリア	TAG	495	804	1254	2:05
21-066	21th SP	PK07	3	7	10	130	乙女EDM	超!!遠距離らぶ♡メ～ル	ななひら	292	790	1352	2:07
21-067	21th SP	PK06	4	7	11	210	電波METAL	死神自爆中二妹アイドルももかりん(1歳)	山本椛	448	742	1472	1:58
21-068	21th SP	PK06	7	10	12	183	HARD SYMPHONIC	煉獄のエルフェリア	猫叉Master+	698	1222	2000	2:05
21-069	21th SP	PK06	3	7	10	141	野球のことがよくわかる	野球の遊び方　そしてその歴史　～決定版～	あさき大監督	343	758	1159	1:51
21-070	21th SP		3	9	11	145	ELECTRIC MANOUSH SWING	デッドボヲルdeホームラン	猫叉Masterβ2	318	846	1417	1:51
21-071	21th SP		6	10	12	180	ORIENTAL CORE	疾風迅雷	KUMOKIRI	592	1078	1493	1:54
21-072	21th SP	PK06	4	8	11	180	青春剛速球メタル	マインド・ゲーム	96 with メカショッチョー	467	840	1243	1:57
21-073	21th SP	PK06	6	11	12	198	BLOOD METAL	IX	dj TAKA VS DJ TOTTO feat.藍	658	1247	2007	2:00
21-074	21th SP	PK07	5	8	10	143	CYBER SYMPHONIC POP	お願いアインシュタイン	中山真斗 feat. 桜川めぐ	457	753	1066	1:42
21-075	21th SP	PK07	4	9	11	150-190	ニューエイジ合掌コア	御千手メディテーション	昇天家族	394	788	1170	2:00
21-076	21th SP	PK07	6	10	12	192	JUVENILE DRUM & BASS	旋律のドグマ～Misérables～	楓璃夢=ジークフリード=ファイエルローゼン	629	1271	2002	2:17
21-077	21th SP	PK04	6	10	12	180	ベースボールヒロイン	轟け！恋のビーンボール！！	ダイナミック野球兄弟 v.s. クロスファイヤーPrim	541	1012	1834	1:51
21-078	21th SP	PK06	5	7	10	144	HYPER J-POP	罪と罰	Xceon feat.Mayumi Morinaga	555	711	1096	2:02
21-079	21th SP	PK06	5	8	10	120-160	新世紀進歩的羽扇子音楽	廿	DJ TECHNORCH	485	890	1215	2:03
21-080	21th SP		7	10	12	159	HYDRO CORE	海神	兎々	585	1084	1629	2:09
22-001	22th PD	PK09	5	8	11	145	AFRO-SAMBA	AFRO KNUCKLE	猫叉Master+	496	917	1226	2:03
22-002	22th PD		5	8	10	192	NEO CLASSICAL DANCE	Beat Radiance	iNO	505	826	1335	1:49
22-003	22th PD	PK09	5	10	11	140	WORLD/ELECTRONICA	Beyond The Earth	猫叉Master	668	1102	1646	2:13
22-004	22th PD	PK08	5	8	11	175	HARDCORE RAVE	Blaze it UP!	DJ Shimamura	493	964	1501	2:06
22-005	22th PD	PK08	5	10	12	170	NU STYLE GABBA	BLUE MIRAGE	DJ CHUCKY	596	1091	1606	1:58
22-006	22th PD	PK08	7	10	12	160	DUAL ANTIQUE	Broken Sword	金獅子 VS 麒麟	658	1054	1887	2:02
22-007	22th PD	PK09	4	8	10	153	FULL ON	Chain of pain	kors k VS 猫叉Master+	396	789	1130	2:03
22-008	22th PD	PK08	3	6	9	185	HEALING DRUM'N'BASS	chrono diver -fragment-	猫叉Master feat.三澤 秋	347	590	900	2:04
22-009	22th PD	PK09	5	9	11	185	CYBER DRUM & BASS	CHRONO DIVER -NORNIR-	L.E.D.	592	1124	1568	2:06
22-010	22th PD	PK08	7	11	12	196	CHRONO BREAKS	Chrono Diver -PENDULUMs-	猫叉L.E.D.Master＋	722	1422	2222	2:02
22-011	22th PD	PK08	5	8	11	128	PROGRESSIVE	Chronos	TAG	443	717	1205	1:53
22-012	22th PD	PK08	5	9	12	216	MAELSTROM	cinder	PHQUASE	432	1037	1601	2:01
22-013	22th PD	PK08	4	7	11	140	LOST GROUND	COLOSSEUM	劇団レコード	295	627	1159	1:42
22-014	22th PD	PK08	6	9	11	160	FUTURE BASS	Cosmic Cat	8bit Moonside	476	892	1166	2:06
22-015	22th PD		7	10	12	205	HARD IRISH SYMPHONIC	Despair of ELFERIA	猫叉Master	642	1248	2096	2:07
22-016	22th PD		6	9	11	128-145	Hi-TECH PSYTRANCE	Discloze	lapix	498	872	1365	2:01
22-017	22th PD	PK09	6	10	12	185	SACRED TRANCE	entelecheia	Rche	528	1106	1657	1:48
22-018	22th PD	PK08	4	8	11	192	FALLIN APART CORE	Erosion Mark	kors k REASM Des-ROW	407	788	1096	1:54
22-019	22th PD	PK09	7	10	12	185	DUB COMEDY	FANTASTIC THREE	ジャカルタファンクブラザーズ	698	1166	1649	2:00
22-020	22th PD	PK04	6	9	12	180	DRUM'N'BASS	Flashes	Dollscythe	489	931	1691	1:56
22-021	22th PD	PK09	5	10	12	160	PROGRESSIVE SCHRANZ	Gravigazer	DJ TOTTO	495	966	1533	2:00
22-022	22th PD	PK09	5	8	10	148	TECHNO	GUILTY	D.J.SETUP	509	798	966	1:29
22-023	22th PD	PK09	5	9	11	182	HAPPY HARDCORE	Hello Happiness	P*Light feat. mow*2	461	871	1198	1:45
22-024	22th PD	PK09	3	8	10	146	SYNTHETIC EDM	illuminate	Sota Fujimori	316	817	1172	2:04
22-025	22th PD	PK09	4	7	9	123-142	HYBRID	In The Breeze	96 & Sota ft. Mayumi Morinaga	336	601	896	1:46
22-026	22th PD	PK09	5	8	9	150	PSYCHEDELIC TRANCE	IXION	L.E.D.	569	913	1086	2:05
22-027	22th PD	PK08	4	7	10	200	BREAKCORE	Light My Fire	GUHROOVY feat. NO+CHIN	390	682	1060	1:55
22-028	22th PD	PK08	4	9	11	141	ELECTRO TECH	Line 4 Ruin	Ryu☆	363	913	1402	1:54
22-029	22th PD	PK08	5	10	12	126	LIAISON	Ludus In Tenebris	Akhuta	492	1118	1809	1:55
22-030	22th PD	PK08	5	8	11	225	TOKYO STYLE SPEEDCORE	m1dy Festival	m1dy	509	853	1289	2:03
22-031	22th PD	PK09	4	8	12	201	ARTCORE ROCK	Monopole.	cosMo＠暴走P	403	867	1729	1:58
22-032	22th PD	PK08	5	9	12	182	MAINSTREAM HARDCORE	NEO GENERATOR SEVEN	L.E.D.-G	469	974	1690	2:05
22-033	22th PD	PK08	6	9	11	192	PUMPCORE	Night sky	USAO	599	972	1491	2:03
22-034	22th PD	PK08	6	9	11	170	HARD EDM	No Tears	RoughSketch feat.Aikapin	609	1082	1286	2:02
22-035	22th PD	PK09	5	8	11	150-160	SYSTEM BGM	PENDUAL TALISMAN	猫叉L.E.D.Master	524	820	1314	2:03
22-036	22th PD	PK08	6	9	12	282	EDM SPEED	Rave*it!! Rave*it!!	機龍	517	863	1656	1:51
22-037	22th PD	PK08	6	9	11	149	SOLITUDE	Realize Maze	movies (moimoi×Xceon×Dai.)	642	1054	1503	2:07
22-038	22th PD	PK09	5	9	12	150	TRANCESTEP	Reflux	Eagle	402	822	1574	1:59
22-039	22th PD		6	8	11	187	CHIPCORE	Sakura Mirage	Ryu☆	520	710	1190	1:45
22-040	22th PD	PK08	4	7	10	164	DIMENSION WAVE	SAMSARA	SOUND HOLIC feat. Nana Takahashi	432	731	1031	2:06
22-041	22th PD		6	9	12	135	EDM	Say YEEEAHH	kors k	610	952	1677	2:00
22-042	22th PD	PK09	5	8	11	165	WORLD/ELECTRONICA	Scars of FAUNA	猫叉Master	435	871	1475	2:00
22-043	22th PD	PK02	6	10	12	160	MUSIC GAME TRADITIONAL	Shooting Fireball	dj TAKA	486	1181	1983	2:07
22-044	22th PD	PK08	6	10	12	175	UK HARDCORE	Sounds Of Summer	Hommarju	640	1080	1513	1:53
22-045	22th PD	PK09	6	9	12	172	RAGTIME FUTURE POP	SpaceLand☆TOYBOX	OSTER project	552	900	1501	1:45
22-046	22th PD	PK08	4	7	10	180	GLITCH STEP	subtractive	Expander	458	695	1059	1:56
22-047	22th PD		4	7	10	150	ELECTRO POP	Sweet Radar	DJ Genki feat. Yukacco	338	689	1020	2:10
22-048	22th PD	PK08	6	10	12	163	EPIC ELECTRONICA	Symmetry	猫叉Master	586	1082	1659	2:00
22-049	22th PD	PK09	7	10	12	197	MELODIC SPEED METAL	TOXIC VIBRATION	SOUND HOLIC Vs. T.Kakuta feat. YURiCa	831	1248	1933	2:07
22-050	22th PD	PK09	5	9	11	205	GYPSYCORE	Vulkan	Hommarju	527	1030	1518	1:55
22-051	22th PD	PK08	6	10	12	185	HAPPY HARDCORE	We're so Happy (P*Light Remix) IIDX ver.	Remixed by P*Light	600	1187	1896	1:59
22-052	22th PD	PK09	6	10	12	154	INTELLIGENCE	ZZ	D.J.Amuro	667	1042	1541	1:52
22-053	22th PD	PK08	4	7	10	179	A-STYLE DRUMSTEP	ベィスドロップ・フリークス	かめりあ feat. ななひら	323	651	1143	1:55
22-054	22th PD	PK09	5	8	11	156	JAPANESE TRADITIONAL	打打打打打打打打打打	ヒゲドライバー join. SELEN	419	701	1342	1:44
22-055	22th PD	PK08	4	8	10	110-144	BLOOM FUSION	デンドロビウム	TAG	381	867	1205	1:57
22-056	22th PD	PK09	6	8	11	170	HAPPY VACAY CORE	全力 SPECIAL VACATION!! ～限りある休日～	DJ GW	570	846	1142	1:56
22-057	22th PD	PK09	6	10	12	165	Hi-FUNK BREAKS	表裏一体！？怪盗いいんちょの悩み♥	◇◆噂の怪盗少女 ぷらずま★彡Prim◇◆	580	1127	1815	2:05
22-058	22th PD	PK08	5	7	10	160	HYPER J-POP	十六夜セツナ	Xceon feat.Mayumi Morinaga	521	823	1132	2:02
22-059	22th PD	PK09	6	9	11	234	TIME TRIP JAZZ	時空トラベローグ	SWING HOLIC feat. A～YA	571	983	1395	1:58
22-060	22th PD	PK08	3	6	9	175	KANA-POP	恋は白帯、サンシロー	星野奏子	377	664	1021	2:02
22-061	22th PD		7	10	12	190	ASTRAL DRUM & BASS	共鳴遊戯の華	アイテール魔導士隊	669	1296	2000	2:06
22-062	22th PD		6	10	12	200	OLDSTYLE GAMEMUSIC	リリーゼと炎龍レーヴァテイン	黒猫ダンジョン	504	1186	1771	1:49
22-063	22th PD		6	9	11	185	きらめきコア	もっと！モット！ときめき feat. 松下	シャイニング度胸兄弟	707	1061	1424	2:08
22-064	22th PD	PK08	6	9	11	161	ASURA TEK CORE	鬼天	兎々	519	889	1265	1:51
22-065	22th PD	PK09	6	9	11	160	電波ソング	パ→ピ→プ→Yeah!	ヒゲドライバー join. shully & Nimo	527	814	1280	1:44
22-066	22th PD	PK08	5	7	11	175	ぷろぐれっしぶ電波	ぷろぐれっしぶ時空少女！うらしまたろ子ちゃん！	ARM(IOSYS) feat. 山本椛	453	756	1285	1:59
22-067	22th PD	PK09	2	6	9	166	想歌 風	白露の風	Qrispy Joybox feat. 常盤ゆう	240	639	1018	2:00
22-068	22th PD	PK09	6	10	12	140	ムラクモ	少年は空を辿る	Power Of Nature	644	1081	1729	2:05
22-069	22th PD	PK09	6	9	11	170	DUBCORE	#The_Relentless	DJ Noriken	611	1028	1479	2:09
22-070	22th PD		5	8	11	120	TROPICAL	とろぴかる倶楽部	HALFBY	432	755	1154	1:47
22-071	22th PD	PK09	6	9	11	150	PIECED EUPHORIA	超青少年ノ為ノ超多幸ナ超古典的超舞曲	Project B-	531	1028	1350	2:00
22-072	22th PD	PK09	5	8	11	172	新世紀進歩的羽扇子音楽	Ｘ↑Ｘ↓	DJ TECHNORCH	477	907	1485	2:04
22-073	22th PD		5	10	12	172	GOA TRANCE	IMPLANTATION	TOMOSUKE	335	885	1163	1:33
23-001	23th CP	PK10	4	9	11	150	HARD DANCE	Acid Pumper	ni-21	348	812	1267	1:58
23-002	23th CP	PK10	7	10	12	195	DANCE EXPRESS	AO-1	電龍	643	999	1443	1:47
23-003	23th CP		6	8	10	143	UPLIFTING TRANCE	Arcana	Maozon	613	893	1150	1:54
23-004	23th CP	PK10	5	8	11	156	POST J-TRADITIONAL	Aublia	onoken feat. ALIAKE	495	785	1299	2:02
23-005	23th CP	PK10	4	10	11	160	HARD DANCE	Battle Train -IIDX Edition-	Sota Fujimori	454	1302	1687	2:05
23-006	23th CP		5	9	11	210	HARD STEP	chaos eater -IIDX edition-	猫叉Master+	604	887	1328	1:52
23-007	23th CP	PK10	6	9	11	205	ラッキーハードコア	Daily Lunch Special	Lucky Vacuum	549	1098	1494	2:11
23-008	23th CP	PK10	4	7	9	177	CYBER DRUMSTEP	Damage Per Second	Maozon	447	718	1026	1:53
23-009	23th CP	PK10	6	10	12	180	MAINSTREAM HARDCORE	Devil's Gear	DJ Myosuke	548	1152	1793	2:08
23-010	23th CP	PK10	7	10	12	180	HARD ELECTRIC POP	DIAMOND CROSSING	S-C-U vs L.E.D.	509	917	1585	1:46
23-011	23th CP	ST01	3	8	10	135	EDM	do the thing feat. Kanae Asaba	MK	321	777	1171	1:59
23-012	23th CP	PK11	6	9	10	155	DONK	Donkey Donk	Ryu☆	611	892	1150	2:02
23-013	23th CP	PK10	4	6	10	174	J-CORE EXPRESS	Dreamin Train	DJ NAGAI feat. Ayumi Nomiya	299	562	1186	1:52
23-014	23th CP	PK11	7	10	12	100	HYBRID TWERK	Dynamite	USAO	611	1246	1953	2:07
23-015	23th CP	PK11	4	8	10	140	J-DANCE POP	Everlasting Last	HHH×MM×ST	427	836	1124	2:01
23-016	23th CP	PK10	4	7	9	142	FUTURE JERSEY	Exchange Place	Dirty Androids	388	646	903	2:06
23-017	23th CP	PK11	5	8	10	145	ELECTRONIC DANCE	GENERATE feat.綾倉盟	Masayoshi Minoshima	573	892	1182	2:05
23-018	23th CP	PK11	6	9	11	88-175	HARDCORE RAVE	GET READY!!	DJ Shimamura	543	840	1365	2:04
23-019	23th CP	PK10	7	10	12	165	JOINT WORK	Godspeed	dj TAKA xxx 猫叉Master xxx L.E.D.	545	1002	1631	1:41
23-020	23th CP	PK10	6	10	12	200	BEMANIZED DIGITAL ROCK	Highcharge Divolt	HuΣeR	456	889	1421	1:55
23-021	23th CP	PK10	5	9	11	146	HiTECH FULLON	Inner Spirit	lapix	446	985	1458	2:02
23-022	23th CP	PK11	3	6	9	112	WORLD/ELECTRONICA	Journey	猫叉Master	351	639	950	1:56
23-023	23th CP	PK10	4	8	10	220	PRIMAVERA JAZZ WALTZ	La dolce primavera	OSTER project	360	707	1098	1:48
23-024	23th CP	PK11	6	9	11	185	TOKYO STYLE SPEEDCORE	m1dy Dynamic	m1dy	540	724	1179	2:01
23-025	23th CP	PK11	7	10	12	150	HDM	M4K3 1T B0UNC3	kors k	713	1082	1546	1:59
23-026	23th CP	ST02	5	7	10	150	HARDSTYLE	Musik LoverZ	RoughSketch	539	722	1268	1:59
23-027	23th CP	ST01	5	9	10	192	METAL POPS	NANAIRO	LIQU@。	536	935	1308	1:54
23-028	23th CP	PK11	7	10	12	190	SORROW STEP	Nightmare before oversleep	猫叉Master	605	988	1500	2:00
23-029	23th CP	PK10	6	9	12	190	END ROLL	NZM	The 4th	547	831	1783	2:03
23-030	23th CP	PK11	4	6	10	150	ONLY ONE DANCE MUSIC	NO LIMIT -オレ達に限界は無い-	SUPER STAR 満-MITSURU- vs. 伝説のダンサー マイク	420	631	1148	2:00
23-031	23th CP	PK11	4	8	10	140	ELECTRO TRANCE	Nowhere	Nhato	441	759	1100	1:58
23-032	23th CP	PK11	6	8	11	200	RADIO SHOWCASE	On the FM	C-Show	573	821	1419	1:43
23-033	23th CP	PK11	6	9	11	195	FRENCHCORE	Outbreak	USAO	675	933	1523	1:59
23-034	23th CP	PK10	5	8	10	175	HARDCORE	OUTER LIMITS ALTERNATIVE	L.E.D.-G	600	885	1363	2:14
23-035	23th CP		7	10	12	23-185	PSYCHIC FLASH 	POSSESSION	TAG underground	701	1105	1521	1:51
23-036	23th CP	PK11	1	3	5	145	J-TEKNO	quick master (reform version)	youhei shimizu	80	178	264	1:29
23-037	23th CP	PK11	6	10	12	158	TRANCE	refrain	dj TAKA feat.AiMEE	622	1208	1857	1:55
23-038	23th CP	PK10	5	8	11	170	HARDCORE	Rock It	Hommarju	590	859	1500	1:59
23-039	23th CP	PK10	6	9	11	144	JAZZY-ELECTRO	Routing	かめりあ	482	860	1323	1:57
23-040	23th CP	PK10	4	7	11	273	CHAOTIC SPEEDCORE	SEITEN NO TERIYAKI	Kobaryo	374	661	1163	1:52
23-041	23th CP	PK11	6	9	11	177	HAPPY EMOTION	STARLIGHT DANCEHALL	P*Light	648	939	1342	1:54
23-042	23th CP	PK11	4	8	10	170	HARDCORE	Super Duper Racers	kors k & Numb'n'dub	480	821	1199	1:59
23-043	23th CP	PK10	5	8	10	154	TRANCE	Sephirot	SHIKI	485	848	1193	2:01
23-044	23th CP		6	9	11	185	ROCKIN' DRUM&BASS	SHELTER OF THE MIND	YURiCa/花たん	722	1020	1538	2:13
23-045	23th CP	PK10	6	10	12	303	FANTASY	StrayedCatz	削除	557	1052	1490	2:02
23-046	23th CP	PK11	5	7	10	147	TECH-TRANCE	Transport	Sota Fujimori	522	771	1091	2:06
23-047	23th CP	ST01	1	6	10	132	WORLD/ELECTRONICA	Tori-no-kimochi	猫叉Master+	133	662	1030	2:13
23-048	23th CP		7	10	12	216	RISK + VACUUM	Triple Counter	DJ YOSHITAKA meets dj TAKA	716	1145	2016	2:02
23-049	23th CP	PK10	5	8	11	175	CANDY RAVE	Uh-Oh	kors k	568	891	1228	2:04
23-050	23th CP	PK11	3	8	10	193	ETHNIC	Wheel of Journey	Vivian	306	695	1072	1:53
23-051	23th CP	PK11	7	10	12	180	RENAISSANCE	X	D.J.Amuro	811	1277	1952	2:03
23-052	23th CP	PK11	5	9	11	180	BLOOM CORE	ZEPHYRANTHES	TAG	514	943	1499	2:02
23-053	23th CP	PK11	5	10	12	143	TECH BREAKBEATS	199024club -Re:BounceKiller-	DJ Mass MAD Izm*	360	873	1260	2:04
23-054	23th CP	PK11	5	8	10	134	空想ファンタジーシリーズ	少女アリスと箱庭幻想コンチェルト	DJ TOTTO	390	761	1095	2:00
23-055	23th CP	PK10	4	7	10	162	HYPER J-POP	オルタネイトβ	Xceon feat. Mayumi Morinaga	424	725	1137	2:04
23-056	23th CP	PK10	5	9	11	100-218	ARTCORE ROCK	朝焼けから始まるボクらの小さな旅	cosMo＠暴走P	490	882	1298	2:00
23-057	23th CP	PK10	7	10	12	155	ORIENTAL TECHDANCE	紫陽花 -AZISAI-	Camellia Vs. Expander	655	1094	1490	2:04
23-058	23th CP	PK11	6	10	12	282	にゃんコア	駅猫のワルツ	ミニョンヌ鉄道兄弟	601	1174	1558	1:48
23-059	23th CP	PK10	4	8	10	169	Hi-RESORT電波	ギョギョっと人魚♨爆婚ブライダル	海の底からマーメイド♨Prim by ARM×狐夢想	418	743	1209	1:58
23-060	23th CP	PK11	6	9	11	159	HARDSTYLE	炸裂！イェーガー電光チョップ！！ (JAEGER FINAL ATTACK)	L.E.D.	702	1077	1312	1:59
23-061	23th CP		6	9	11	175	SUMMER WORKOUT	か・し・ま・し☆PUMP UP！	miko	607	966	1453	2:00
23-062	23th CP	PK11	6	9	11	280	エピックプログレ	量子の海のリントヴルム	黒猫ダンジョン	468	919	1508	1:53
23-063	23th CP	PK11	5	9	11	208-290	禅ジャズ	明鏡止水	TOMOSUKE feat. あさき	438	976	1443	2:06
23-064	23th CP	PK11	7	10	12	160	電波デステクノ	めいさいアイドル☆あいむちゃん♪	DJ SHARPNEL feat. みらい	777	1202	1717	2:04
23-065	23th CP	PK10	6	9	11	150	ORBITALICTRO	セロトニン	U1 overground	677	947	1194	2:00
23-066	23th CP	ST02	7	11	12	165	BROKEN SAMBA BREAK	灼熱 Pt.2 Long Train Running	DJ Mass MAD Izm*	675	1093	1804	2:01
23-067	23th CP	PK10	4	6	10	110	GLITCH JAZZ	星屑ディスタンシア	ARM feat. 普透明度 + Brasscapsule	353	619	1073	1:59
23-068	23th CP	PK11	6	10	11	170	FUTURE E-POP	追想快晴テーマパーク	PHQUASE	615	1077	1589	2:01
23-069	23th CP	PK10	5	8	10	182	KANA-POP	シュッパツシンコウ・シサカンコ	星野奏子	568	904	1234	2:02
23-070	23th CP	PK10	6	8	11	140	PIECED SUNDAY	太陽SUNSUNボンジュールアバンチュール	Project B-	523	899	1402	2:00
23-071	23th CP	PK11	5	9	11	155	WINTER GLOW	麗 ～うらら～	SOUND HOLIC feat. Nana Takahashi	577	903	1329	2:01
23-072	23th CP		5	9	11	240	J-CORE	Ride To The Core	GUHROOVY feat. NO+CHIN & Yuki	576	908	1359	
23-073	23th CP		3	7	9	140	EDM	To The Paradise	DJ Genki feat. SHIN from HYPERNOVA	342	781	1095	2:02
24-001	24th SB	PK12	3	6	10	150	HARD DANCE	Affection	ni-21	305	610	1054	1:58
24-002	24th SB		5	9	11	153	HiTECH FULLON	Amazing Mirage	lapix	458	894	1343	1:59
24-003	24th SB	PK12	5	8	11	132-157	WORLD	AsiaN distractive	猫叉劇団	606	911	1337	2:02
24-004	24th SB	PK12	4	9	11	174	ALTERNATIVE TECHNO POP	Be A Star	PHQUASE feat.ぁゅ	487	925	1413	2:00
24-005	24th SB	PK12	6	9	11	66-198	DJ BATTLE	Beat Juggling Mix	Hommarju	531	837	1138	1:56
24-006	24th SB	PK12	5	8	10	175	HARDCORE RAVE	Believe in you	DJ Shimamura feat. Renna	604	955	1226	2:04
24-007	24th SB	PK12	4	7	11	142	TRANCE	Beyond The Seven	Nhato	373	671	1375	2:01
24-008	24th SB	PK13	5	9	11	106-150	FESTIVAL SOUND	BREAK OVER	MASAYOSHI IIMORI	462	785	1210	2:10
24-009	24th SB	PK13	7	9	11	207	SUPER ULTIMATE HYPER CORE	BroGamer	USAO	699	1099	1568	2:09
24-010	24th SB		6	10	12	170	HARD TRAP	Caterpillar	Eagle	617	1129	1561	2:02
24-011	24th SB	PK13	3	8	11	※	ANTHEM	crew	beatnation Records	317	885	1480	※
24-012	24th SB	PK13	6	10	12	169	ARCHAIC TALE EP1	DORNWALD ～Junge～	DJ TOTTO	655	1163	1903	2:09
24-013	24th SB	PK12	6	10	12	146	HYBRID BUCHIAGE TRANCE	ECHIDNA	HuΣeR	665	1111	1775	1:58
24-014	24th SB	ST02	6	8	11	196	FUTURE BEATS	Egret and Willow	Dirty Androids	527	848	1383	2:10
24-015	24th SB	PK12	3	6	8	135	EDM	elemental bender feat. Kanae Asaba	MK	326	606	826	2:00
24-016	24th SB	PK12	5	9	12	190	HYPER DIGIMETAL	FUZIN RIZIN	SOUND HOLIC feat. Nana Takahashi & 709sec.	609	1008	1929	2:03
24-017	24th SB	PK12	7	10	12	200	TRANCE CORE	Go Ahead!!	Ryu☆ Vs. Sota	521	810	1413	2:03
24-018	24th SB	ST01	5	9	12	155	HARDSTYLE	HADES	Massive New Krew	500	950	1601	2:01
24-019	24th SB	PK13	5	8	11	160	HYPER TRAP	Honey Trap	Expander	422	822	1284	2:03
24-020	24th SB	PK13	6	10	11	184	NEUROFUNK	INVISIBLE STRIX	L.E.D.	601	1074	1331	2:07
24-021	24th SB	PK13	5	8	11	185	DRUM'N'BASS	Lost wing at.0	猫叉Master+	475	752	1261	2:04
24-022	24th SB	PK13	7	10	11	148	PIANO CONTEMPORARY	Macuilxochitl	TOMOSUKE	752	1147	1677	1:53
24-023	24th SB	PK12	4	6	10	174	KAWAII FUTURE BASS	Magical	Snail's House	410	601	1011	2:07
24-024	24th SB	PK12	6	10	11	170	TECHNO	Modular Technology	Sota Fujimori	638	1006	1372	1:50
24-025	24th SB	PK12	4	8	10	128	TURBOFUNK	Music is The Answer	C-Show	403	726	977	1:55
24-026	24th SB	PK13	3	7	10	140	BUBBLEGUM DANCE	OOO	Ryu☆ feat.moimoi	349	737	1034	1:56
24-027	24th SB	PK13	6	10	12	215	POP BREAKCORE	OTENAMI Hurricane	t+pazolite	670	1135	1643	2:02
24-028	24th SB	PK13	5	8	11	147	MONDO-GROOVE BASSHOUSE	PAPAYAPA BASS	かめりあ feat. ななひら	397	788	1428	2:02
24-029	24th SB	PK12	6	9	12	159	TRANCE	RAIN	dj TAKA	588	928	1657	1:54
24-030	24th SB	PK12	5	9	12	160	SPEED RAVE	Rave Cannon	kors k	538	946	1700	2:04
24-031	24th SB	PK13	5	8	11	157	HARDSTYLE	RISING FIRE HAWK	L.E.D.-G	440	768	1372	1:55
24-032	24th SB	PK12	6	9	11	199	RDM	ROTTERDAM SHOGUN	ABDI from ジャカルタファンクブラザーズ	574	930	1299	1:56
24-033	24th SB	PK12	5	9	11	150	TECH BREAKBEATS	SAMURAI-Scramble	DJ Mass MAD Izm*	511	865	1232	2:09
24-034	24th SB	PK13	6	9	11	130-195	PIECED MAKIBISHI	Sarutobi Champion is 拙者	Project B-	503	809	1153	1:48
24-035	24th SB	ST01	5	8	12	165	SHINOBI RAVE	SAY BAY	P*Light	429	771	1455	1:57
24-036	24th SB	PK12	4	7	9	136	80's SYNTH FUNK	Seaside Labyrinth	Dirty Androids	332	667	953	2:02
24-037	24th SB		5	8	10	140	FUTURE BASS	Seize the Day	DJ'TEKINA//SOMETHING feat.yuyoyuppe	389	696	1100	1:52
24-038	24th SB	PK12	3	5	9	135	R&B	Selfish Sweet	OSTER project feat. かなたん	327	493	877	1:55
24-039	24th SB	PK12	5	10	11	145	TECHNO	SEQUENCE CAT	SLEDLAKE (SLAKE & L.E.D.)	551	1128	1446	2:04
24-040	24th SB	PK13	3	7	11	152	DETROIT TECHNO	Shoot'Em All	Manabu Namiki	404	748	1264	2:16
24-041	24th SB	PK12	4	6	10	160	CHIPTUNE	shuriken	ヒゲドライバー	396	573	1298	1:58
24-042	24th SB	PK13	6	9	10	190	CANDY ROCK	SINOBUZ Fantasy	Noria	522	867	1228	2:04
24-043	24th SB	PK12	6	10	12	153	ANTHEM	Sky High	Cuvelia	603	1205	1943	2:03
24-044	24th SB	PK13	5	8	12	177	DRUM&BASS	Steel Edge	Maozon	466	759	1604	2:03
24-045	24th SB	PK13	4	8	10	60-160	ELECTRO FUSION	Surf on the Light	Tomoyuki Uchida	399	760	1154	2:00
24-046	24th SB	PK13	5	8	10	150	HARDSTYLE	The Commanders	USAO	486	764	1227	2:06
24-047	24th SB	PK13	4	8	11	33-130	BIG BEAT/BREAKBEATS	(This Is Not) The Angels	Hommarju	309	739	1364	1:56
24-048	24th SB		5	10	12	152	HARD TRANCE	TOGAKUSHI	SETUP	526	987	1343	1:58
24-049	24th SB	PK12	3	7	10	138	UPLIFTING TRANCE	Umbral	Maozon	311	720	966	2:00
24-050	24th SB	PK12	6	10	12	190	JUMP UP/HARDCORE	Venom	kors k vs L.E.D.-G	656	1110	1624	2:06
24-051	24th SB	PK12	5	8	10	175	MAINSTREAM HARDCORE	Warrior	DJ CHUCKY feat. Jonjo	517	914	1257	2:04
24-052	24th SB	PK13	6	9	11	164	CYBER JAZZSTEP	XINOBIKILL	SOUND HOLIC feat. Nana Takahashi	506	910	1475	2:04
24-053	24th SB		6	10	12	165	LAST ARTS	刃図羅	猫叉Master vs HuΣeR	626	1082	1746	2:09
24-054	24th SB	ST02	3	7	11	210	ネオスカ電波	ディッシュウォッシャー◎彡おいわちゃん	ARM×狐夢想 feat. 山本椛	366	736	1280	1:53
24-055	24th SB	PK13	6	10	12	192	HARDCORE	焔極OVERKILL	RoughSketch Vs. L.E.D.-G	598	1118	1901	2:01
24-056	24th SB	PK12	5	7	10	155	HYPER ENKA POP	冬椿 ft. Kanae Asaba	Xceon	482	633	1146	2:01
24-057	24th SB	PK12	5	9	12	136	HIP HOP	焱影	RoughSkreamZ feat.楽天斎	366	723	1437	2:00
24-058	24th SB	PK13	6	9	12	195	WORLD/ELECTRONICA	イザナミノナゲキ	猫叉Master	605	1007	1661	1:59
24-059	24th SB	PK13	4	8	10	180	POP ROCK	次葉 -turn the page-	小寺可南子	427	716	1003	1:47
24-060	24th SB	PK12	7	10	11	190	CROSSBREED	鴉	L.E.D.-G	763	1136	1356	1:58
24-061	24th SB	PM01	5	8	10	128	理系ポップ	恋はどう？モロ◎波動OK☆方程式!!	あべにゅうぷろじぇくと feat. 佐倉紗織 produced by ave;new	518	805	1246	1:53
24-062	24th SB	PK13	5	9	12	145	ORIENTAL FUSION	九尾狐夜行	天狐	438	912	1521	1:54
24-063	24th SB	PK13	5	8	10	160	演歌ブレイクス	お命ちょうDAI！901娘	DJ SHARPNEL feat. みらい	490	810	1177	2:00
24-064	24th SB	PK13	6	9	12	160	HiTECH	〆	lapix	657	1194	1877	2:05
24-065	24th SB	PK13	5	9	11	189	忍歌	忍恋花	黒脛	515	867	1141	1:44
24-066	24th SB	PK13	4	6	9	100	DRAMATIC WALTZ	獅子霞麗ノ舞	HuΣeR	252	550	873	1:59
24-067	24th SB	PK12	5	9	11	170	ORBITALIC FUTURE BASS	禍根	U1 overground	411	704	1336	1:55
24-068	24th SB	PK13	7	10	12	160	MICHINOKU	津軽雪	罠師 VS 安室	784	1137	1953	2:10
24-069	24th SB	PK13	5	7	10	70-125	FOREST SNOW	月雪に舞う華のように	猫叉Master	437	683	1083	2:16
24-070	24th SB	PK12	5	8	10	135	TRIBAL HOUSE	¡Viva!	Ryu*	492	825	1014	1:50
24-071	24th SB		3	5	7	180	ACEDIA	ちらちら・はらはら	NU-KO	207	475	715	2:02
25-001	25th CB	PK14	6	8	10	153	SYNTH-TECH	ACCELERATE	Sota Fujimori	597	895	1261	2:07
25-002	25th CB	PK14	4	7	10	150	HARD DANCE	Acidiva 303	ni-21	416	703	1161	2:04
25-003	25th CB	PK14	4	8	11	138	熱帯 THE BASS	Amor De Verão	かめりあ feat. ななひら	404	728	1193	1:59
25-004	25th CB	PK14	7	10	12	180	STYLISH CROSSOVER	ANCHOR	BEMANI Sound Team "HuΣeR Vs. SYUNN"	680	1288	1835	2:04
25-005	25th CB	PK14	6	9	11	165	SCHRANZ	Battleground	kors k	595	968	1361	2:04
25-006	25th CB	PK02	4	9	11	190	DIGITAL THRASH PUNK	Be a Hero!	中島由貴	394	1006	1592	2:06
25-007	25th CB	PK14	6	9	11	195	SPEED EURO	Beast mode	BEMANI Sound Team "TAG"	538	803	1395	2:09
25-008	25th CB	PK14	4	8	10	177	CYBER LIQUID FUNK	Best of Me	Maozon	413	810	1127	2:03
25-009	25th CB	ST02	4	7	9	152	COSMIC POP	COSMIC☆WONDER☆REVOLUTION	猫叉Master+	389	722	1049	1:48
25-010	25th CB	PK14	7	10	12	200	世紀末コア	DEATH†ZIGOQ～怒りの高速爆走野郎～	L.E.D.ALiCE(DJ NAGAI Vs. BEMANI Sound Team "L.E.D.-G")	710	1272	2075	1:55
25-011	25th CB	PM01	5	8	11	170	VELLUM	Eine Haube ～聖地の果てにあるもの～	AIKO OI	493	728	1321	1:52
25-012	25th CB	PK14	5	9	12	190	DRUM'N'BASS	encounter	猫叉Master+	494	907	1679	2:04
25-013	25th CB	PK14	5	8	11	※	HOLIC	FUTURE is Dead	C-Show	467	767	1151	1:57
25-014	25th CB	PK14	3	7	9	130	TROPICAL HOUSE	Get Up! feat. Kanae Asaba	MK	296	645	966	1:58
25-015	25th CB	PK14	5	8	10	150	HANDZ STYLE	HAT TRICK	P*Light	438	732	1118	1:54
25-016	25th CB	PK14	4	7	10	132-150	FREE STYLE	Hella Deep	MASAYOSHI IIMORI	325	538	959	2:03
25-017	25th CB	PK14	5	9	11	170	EURO TRANCE	I Love You	O/iviA	540	970	1381	2:04
25-018	25th CB	PK14	6	10	12	180	EMOTIONAL RAVE EUPHORIA	Illusionary Waterlily	DJ Noriken	667	1164	1803	2:03
25-019	25th CB	PK14	7	10	12	160	00's TECHNO	Initiation	BEMANI Sound Team "謎の勢力"	762	1277	2018	2:06
25-020	25th CB	PK14	4	6	9	128	NU 80's DISCO FUNK	Midnight Lady	Dirty Androids	323	596	979	2:05
25-021	25th CB	PK14	5	9	11	184	ALTERNATIVE FUGUE	Mira	Akhuta	483	968	1596	2:05
25-022	25th CB	PK14	5	8	11	160	ULTRA JAZZFUNKTION	Nothing but Theory	lapix	556	811	1438	2:04
25-023	25th CB	PK14	6	10	12	195	HARDCORE	Rampage	USAO	653	1257	1831	2:16
25-024	25th CB	PK14	5	9	11	195	DRUM'N'BASS	Rise Circuit	COSIO	477	826	1180	1:58
25-025	25th CB	PK14	5	8	10	190	HARDTEK	SPEED DEMON	GUHROOVY feat. NO+CHIN	379	736	1198	1:58
25-026	25th CB	PK14	4	8	10	160	HEAV'NLY TRANCE	STARLIGHT JUNCTION	SOUND HOLIC feat. Nana Takahashi	454	816	1150	2:01
25-027	25th CB	PK14	6	9	10	138	ELECTRO TRANCE	Static State	Nhato	540	912	1218	2:02
25-028	25th CB	PK14	5	8	11	155	PSYSTYLE	Temple of Anubis	Massive New Krew	517	781	1345	2:12
25-029	25th CB	ST01	6	10	11	170	EUROBEAT	THE CANNONBALLER	L.E.D. feat. YURiCa/花たん	770	1236	1748	2:13
25-030	25th CB	PK14	5	10	12	142	TECH BREAKS	The Chase	DJ Mass MAD Izm*	359	710	1148	1:58
25-031	25th CB	PK14	7	10	12	190	NATURE	シムルグの目醒め	BEMANI Sound Team "DJ TOTTO" feat.rionos	717	1211	1822	2:05
25-032	25th CB	PK14	4	8	11	183	STRANGE WORLD MUSIC	命の標本	志方あきこ	372	864	1358	2:02
25-033	25th CB	PK14	4	8	10	180	HARD FRENCH	エディブルフラワーの独白	OSTER project feat. 常盤ゆう	411	795	1110	2:01
25-034	25th CB	PK14	4	7	10	157	YANKEE CAR J TRANCE	ハイ*ビスカス ft. Kanae Asaba	Xceon	438	784	1233	2:07
25-035	25th CB		4	8	10	182	EMOTIONAL ROCK	純真可憐デザイア	BEMANI Sound Team "HuΣeR" feat.Fernweh	422	824	1172	2:05
25-036	25th CB	ST01	3	7	10	219	ELEGANT SWING	共犯ヘヴンズコード	D-Evoke(与那嶺雅人/小日向翔)	258	704	1149	1:55
25-037	25th CB		3	7	10	142	JOURNEY SCENE	草原の王女-軌跡を辿って-	劇団レコード	352	629	1172	1:51
25-038	25th CB	PK02	7	10	12	180	Hi-MYTH	神謳 -RESONANCE-	SOUND HOLIC feat. Nana Takahashi Vs.GOD PHOENIX Prim	702	1285	2047	2:11
25-039	25th CB	ST02	6	9	12	196	ORBITALIC GABBER STEP	東京神話	DJ TECHNORCH feat.宇宙★海月 vs BEMANI Sound Team "U1-ASAMi"	528	914	1505	1:56
26-001	26th RT	PK04	6	10	12	190	MARVELOUS CHEER	Catch Our Fire!	中島由貴	699	1186	1885	2:03
26-002	26th RT	PK04	7	10	12	162	PSYSTYLE	KILL EACH OTHER	BEMANI Sound Team "L.E.D. VS. L.E.D.-G"	711	1270	1945	2:15
26-003	26th RT	ST02	3	7	9	150	RIDDIM DUBSTEP	Psycho Sheep Riddim	BEMANI Sound Team "SYUNN"	324	512	841	2:02
26-004	26th RT	PM01	4	7	10	137-205	ELEMENTAL JIG	The Sealer ～ア・ミリアとミリアの民～	Zektbach	427	716	1117	2:12
26-005	26th RT		5	9	11	187	DRUM & BASS	UNDERWORLD HOLOGRAPHY	BEMANI Sound Team "L.E.D." feat. KOTOKO	580	1081	1648	2:09
26-006	26th RT		4	8	10	135	ANNIVERSARY	50th Memorial Songs -Beginning Story-	BEMANI Sound Team	417	846	1378	2:09
26-007	26th RT		5	8	10	135-175	ANNIVERSARY	50th Memorial Songs -Flagship medley-	BEMANI Sound Team	496	786	1157	1:54
26-008	26th RT		5	8	10	160	ANNIVERSARY	50th Memorial Songs -二人の時 ～under the cherry blossoms～-	BEMANI Sound Team	621	834	1311	2:06
26-009	26th RT		5	9	11	136	ANNIVERSARY	50th Memorial Songs -The BEMANI History-	BEMANI Sound Team	545	851	1348	2:00
26-010	26th RT	PM01	5	9	11	170	LOVELY YOUTH	おーまい！らぶりー！すうぃーてぃ！だーりん！	BEMANI Sound Team "PON" feat.NU-KO	560	1009	1480	2:03
27-001	27th HV		6	9	12	114	TWERKCORE // uwu // BEATJUGGLE	SCREW // owo // SCREW	かめりあ	567	1111	1567	2:00
27-002	27th HV	ST01	4	8	10	124-153	ELECTRO NU DISCO	Silly Love	DÉ DÉ MOUSE	406	716	1061	2:00
27-003	27th HV	ST02	6	9	11	184	HEROIC VALHALLA ROCK	VALKYRIAS -英雄誕生-	BEMANI Sound Team "HuΣeR" feat.Fernweh	524	881	1386	2:07
27-004	27th HV	PM01	5	10	12	160	ANTHEM TRANCE	Vinculum stellarum	iconoclasm	473	1229	1873	2:20
27-005	27th HV		4	7	10	158	MS J TRANCE POP	セピアの軌跡 ft. 天宮みや(少女フラクタル)	Xceon	404	739	1213	2:05
Inf-001	Infinitas	PM01	4	8	10	168	ORIENTAL FUTURE BASS	Amabie	BEMANI Sound Team "Coyaan"	424	827	1246	
Inf-002	Infinitas		5	8	10	160	THE 4TH	Clione (Ryu☆ Remix)	Remixed by Ryu☆	436	737	987	
Inf-003	Infinitas	PM01	4	7	10	177	NU PRELUDE	Harmonia	ATSUMI UEDA	376	629	1013	
Inf-004	Infinitas		5	9	11	174	STYLISH FUTURE	Rejection Girl	BEMANI Sound Team "HuΣeR"	514	844	1352	
Inf-005	Infinitas	PM01	6	10	12	150	RUINOUS SPIRITUALS	Remain	ZERO+ZIBA	531	936	1319	
Inf-006	Infinitas	PM01	2	6	9	113	UCHU RYOKOU	Space Dog	Sana	167	454	848	
Inf-007	Infinitas		7	10	12	191	DANCE SPEED	3y3s(Long ver.)	青龍	1485	2744	3910	4:48
Inf-008	Infinitas	PM01	5	8	10	178	ANIMA SONG	朱と碧のランページ	NU-KO	518	862	1266	
Inf-009	Infinitas	PM01	6	10	12	105-180	HIP ROCK3	雪上断火	Des-ROW・組	514	940	1544	
Inf-010	Infinitas	PM01	5	9	11	95-210	LAMENTO	雫	あさき	511	1039	1361	